brand,processor_brand,processor_name,processor_gnrtn,ram_gb,ssd,hdd,os,os_bit,graphic_card_gb,Price,Number of Ratings,Number of Reviews
ASUS,Intel,Core i3,10th,4 GB,0 GB,1024 GB,Windows,64-bit,0 GB,34649,3,0
Lenovo,Intel,Core i3,10th,4 GB,0 GB,1024 GB,Windows,64-bit,0 GB,38999,65,5
Lenovo,Intel,Core i3,10th,4 GB,0 GB,1024 GB,Windows,64-bit,0 GB,39999,8,1
ASUS,Intel,Core i5,10th,8 GB,512 GB,0 GB,Windows,32-bit,2 GB,69990,0,0
ASUS,Intel,Celeron Dual,Not Available,4 GB,0 GB,512 GB,Windows,64-bit,0 GB,26990,0,0
ASUS,Intel,Celeron Dual,Not Available,4 GB,0 GB,512 GB,Windows,64-bit,0 GB,22990,0,0
ASUS,Intel,Celeron Dual,Not Available,4 GB,0 GB,512 GB,Windows,32-bit,0 GB,21990,31,3
ASUS,Intel,Core i5,10th,8 GB,0 GB,1024 GB,Windows,32-bit,2 GB,58799,0,0
Lenovo,Intel,Core i5,10th,4 GB,0 GB,1024 GB,Windows,32-bit,0 GB,49999,0,0
acer,AMD,Ryzen 5,10th,4 GB,0 GB,512 GB,Windows,32-bit,4 GB,59990,1946,240
acer,AMD,Ryzen 5,10th,4 GB,0 GB,512 GB,Windows,32-bit,6 GB,93700,259,47
acer,AMD,Ryzen 5,10th,4 GB,0 GB,512 GB,Windows,32-bit,4 GB,72990,425,67
Avita,Intel,Celeron Dual,Not Available,4 GB,0 GB,512 GB,Windows,64-bit,0 GB,17490,1120,196
ASUS,Intel,Core i3,11th,4 GB,256 GB,0 GB,Windows,64-bit,0 GB,35990,0,0
HP,Intel,Core i3,11th,8 GB,256 GB,0 GB,Windows,64-bit,0 GB,56490,0,0
HP,Intel,Core i5,11th,8 GB,256 GB,0 GB,Windows,64-bit,0 GB,65390,0,0
Lenovo,Intel,Celeron Dual,Not Available,4 GB,256 GB,0 GB,Windows,64-bit,0 GB,31999,286,19
HP,Intel,Celeron Dual,Not Available,8 GB,256 GB,0 GB,Windows,64-bit,0 GB,32490,58,6
Lenovo,Intel,Celeron Dual,Not Available,4 GB,256 GB,0 GB,Windows,64-bit,0 GB,31799,0,0
ASUS,Intel,Celeron Dual,Not Available,4 GB,256 GB,0 GB,Windows,64-bit,0 GB,29890,7,0
ASUS,Intel,Celeron Dual,Not Available,4 GB,0 GB,1024 GB,Windows,64-bit,0 GB,23990,15279,1947
HP,Intel,Core i3,7th,4 GB,0 GB,1024 GB,Windows,64-bit,0 GB,32955,311,27
HP,Intel,Core i5,7th,4 GB,0 GB,1024 GB,Windows,32-bit,2 GB,46200,47,7
ASUS,Intel,Core i3,11th,4 GB,256 GB,0 GB,Windows,64-bit,0 GB,34429,37,6
Lenovo,Intel,Core i3,10th,8 GB,256 GB,0 GB,Windows,32-bit,0 GB,37990,2080,235
ASUS,Intel,Core i3,11th,4 GB,256 GB,0 GB,Windows,32-bit,0 GB,35990,1479,181
ASUS,Intel,Core i3,10th,8 GB,256 GB,0 GB,Windows,64-bit,0 GB,33980,67,3
HP,Intel,Core i3,11th,8 GB,256 GB,0 GB,Windows,64-bit,0 GB,39990,273,30
DELL,Intel,Core i3,10th,8 GB,256 GB,0 GB,Windows,64-bit,0 GB,39490,1267,171
HP,Intel,Core i3,11th,8 GB,256 GB,0 GB,Windows,64-bit,0 GB,53990,14,0
acer,Intel,Core i3,11th,8 GB,256 GB,0 GB,Windows,64-bit,0 GB,38990,0,0
ASUS,Intel,Core i3,11th,8 GB,256 GB,0 GB,Windows,64-bit,0 GB,37990,284,39
ASUS,Intel,Core i3,11th,8 GB,256 GB,0 GB,Windows,64-bit,0 GB,37890,44,5
Lenovo,Intel,Core i3,11th,8 GB,256 GB,0 GB,Windows,64-bit,0 GB,38990,33,4
Lenovo,Intel,Core i3,10th,8 GB,256 GB,0 GB,Windows,64-bit,0 GB,37990,286,36
DELL,Intel,Core i3,11th,8 GB,256 GB,0 GB,Windows,64-bit,0 GB,41990,10,5
ASUS,Intel,Core i3,11th,8 GB,256 GB,0 GB,Windows,64-bit,0 GB,45990,816,147
Lenovo,Intel,Core i3,11th,8 GB,256 GB,0 GB,Windows,64-bit,0 GB,39990,543,65
DELL,Intel,Core i3,11th,8 GB,256 GB,0 GB,Windows,64-bit,0 GB,42490,9,1
DELL,Intel,Core i3,10th,4 GB,256 GB,0 GB,Windows,64-bit,0 GB,36990,1178,137
Lenovo,Intel,Core i3,11th,8 GB,256 GB,0 GB,Windows,64-bit,0 GB,53990,299,41
ASUS,Intel,Core i3,11th,8 GB,256 GB,0 GB,Windows,64-bit,0 GB,36990,20,1
Lenovo,Intel,Core i3,10th,4 GB,256 GB,0 GB,Windows,64-bit,0 GB,38940,758,64
DELL,Intel,Core i3,10th,4 GB,256 GB,0 GB,Windows,64-bit,0 GB,39490,634,64
Lenovo,Intel,Core i3,10th,8 GB,256 GB,0 GB,Windows,64-bit,0 GB,39999,4,0
DELL,Intel,Core i3,11th,8 GB,256 GB,0 GB,Windows,64-bit,0 GB,42990,17,2
DELL,Intel,Core i3,11th,8 GB,256 GB,0 GB,Windows,64-bit,0 GB,49990,24,5
DELL,Intel,Core i3,11th,8 GB,256 GB,0 GB,Windows,64-bit,0 GB,41490,1753,165
DELL,Intel,Core i3,11th,8 GB,256 GB,0 GB,Windows,64-bit,0 GB,41990,216,21
Lenovo,Intel,Core i3,11th,8 GB,256 GB,0 GB,Windows,64-bit,0 GB,41990,1084,160
ASUS,Intel,Core i3,11th,8 GB,256 GB,0 GB,Windows,64-bit,0 GB,38490,19,3
Lenovo,Intel,Core i3,11th,4 GB,256 GB,0 GB,Windows,64-bit,0 GB,38990,106,13
Lenovo,Intel,Core i3,11th,4 GB,256 GB,0 GB,Windows,64-bit,0 GB,44990,42,4
Lenovo,Intel,Core i3,10th,4 GB,256 GB,0 GB,Windows,64-bit,0 GB,36490,0,0
Lenovo,Intel,Core i3,10th,8 GB,256 GB,0 GB,Windows,32-bit,0 GB,38970,0,0
HP,Intel,Core i3,11th,4 GB,256 GB,0 GB,Windows,64-bit,0 GB,44900,1029,107
MSI,Intel,Core i3,10th,4 GB,256 GB,0 GB,Windows,64-bit,0 GB,38990,53,11
DELL,Intel,Core i3,11th,4 GB,256 GB,0 GB,Windows,64-bit,0 GB,44427,0,0
ASUS,Intel,Core i3,10th,4 GB,256 GB,0 GB,Windows,64-bit,0 GB,35990,0,0
Lenovo,Intel,Core i3,10th,4 GB,256 GB,0 GB,Windows,64-bit,0 GB,40200,48,1
Lenovo,Intel,Core i3,10th,4 GB,256 GB,0 GB,Windows,32-bit,0 GB,40990,3,0
DELL,Intel,Core i3,10th,4 GB,256 GB,0 GB,Windows,64-bit,0 GB,42490,0,0
acer,Intel,Celeron Dual,Not Available,4 GB,0 GB,512 GB,Windows,32-bit,0 GB,23990,61,4
DELL,Intel,Core i3,11th,4 GB,256 GB,0 GB,Windows,64-bit,0 GB,71999,97,13
ASUS,Intel,Core i3,11th,4 GB,256 GB,0 GB,Windows,64-bit,0 GB,39990,181,19
Lenovo,Intel,Core i3,10th,4 GB,256 GB,0 GB,Windows,64-bit,0 GB,41998,529,39
ASUS,Intel,Core i3,11th,4 GB,256 GB,0 GB,Windows,32-bit,0 GB,41990,0,0
Lenovo,Intel,Core i3,10th,4 GB,256 GB,0 GB,Windows,64-bit,0 GB,39999,0,0
ASUS,Intel,Core i3,10th,4 GB,256 GB,0 GB,Windows,32-bit,0 GB,39990,0,0
Lenovo,Intel,Core i3,11th,4 GB,256 GB,0 GB,Windows,64-bit,0 GB,39998,10,1
HP,Intel,Core i3,11th,4 GB,256 GB,0 GB,Windows,64-bit,0 GB,42490,5205,561
Lenovo,Intel,Core i3,10th,4 GB,256 GB,0 GB,Windows,32-bit,0 GB,41990,3,0
ASUS,Intel,Core i3,11th,4 GB,256 GB,0 GB,Windows,32-bit,0 GB,48490,0,0
HP,Intel,Core i3,11th,4 GB,256 GB,0 GB,Windows,64-bit,0 GB,44376,1090,96
DELL,Intel,Core i3,11th,4 GB,256 GB,0 GB,Windows,32-bit,0 GB,43900,0,0
DELL,Intel,Core i3,11th,4 GB,256 GB,0 GB,Windows,64-bit,0 GB,46690,0,0
Lenovo,Intel,Core i3,10th,4 GB,256 GB,0 GB,Windows,32-bit,0 GB,40990,1,1
DELL,Intel,Core i3,10th,4 GB,256 GB,0 GB,Windows,64-bit,0 GB,39990,44,2
Lenovo,Intel,Core i3,11th,4 GB,256 GB,0 GB,Windows,64-bit,0 GB,43990,0,0
ASUS,Intel,Core i3,11th,4 GB,256 GB,0 GB,Windows,64-bit,0 GB,36990,70,9
DELL,Intel,Core i3,11th,8 GB,256 GB,0 GB,Windows,64-bit,0 GB,48500,0,0
ASUS,Intel,Core i3,11th,8 GB,256 GB,0 GB,Windows,64-bit,0 GB,48990,0,0
ASUS,Intel,Celeron Dual,Not Available,4 GB,0 GB,512 GB,Windows,32-bit,0 GB,23490,632,92
HP,Intel,Core i3,8th,4 GB,256 GB,0 GB,Windows,64-bit,0 GB,54238,71,8
ASUS,Intel,Core i3,10th,8 GB,512 GB,0 GB,Windows,64-bit,0 GB,37990,990,108
HP,Intel,Core i3,11th,8 GB,512 GB,0 GB,Windows,64-bit,0 GB,42990,158,18
HP,Intel,Core i3,11th,8 GB,512 GB,0 GB,Windows,64-bit,0 GB,42990,681,59
ASUS,Intel,Core i3,10th,4 GB,512 GB,0 GB,Windows,64-bit,0 GB,35990,130,12
ASUS,Intel,Core i3,11th,8 GB,512 GB,0 GB,Windows,64-bit,0 GB,42990,30,4
ASUS,Intel,Core i3,11th,8 GB,512 GB,0 GB,Windows,32-bit,0 GB,51990,6,2
ASUS,Intel,Core i3,11th,8 GB,512 GB,0 GB,Windows,64-bit,0 GB,48990,174,30
ASUS,Intel,Core i3,11th,8 GB,512 GB,0 GB,Windows,64-bit,0 GB,42990,40,7
Lenovo,Intel,Core i3,10th,8 GB,512 GB,0 GB,Windows,64-bit,0 GB,38990,13,1
DELL,Intel,Core i3,11th,8 GB,512 GB,0 GB,Windows,64-bit,0 GB,45990,184,29
HP,Intel,Core i3,10th,8 GB,512 GB,0 GB,Windows,64-bit,0 GB,42490,1296,126
HP,Intel,Core i3,11th,8 GB,512 GB,0 GB,Windows,64-bit,0 GB,43970,571,56
ASUS,Intel,Core i3,10th,4 GB,512 GB,0 GB,Windows,64-bit,0 GB,39990,2551,297
MSI,Intel,Core i3,11th,8 GB,512 GB,0 GB,Windows,64-bit,0 GB,48990,17,3
HP,Intel,Core i3,11th,8 GB,512 GB,0 GB,Windows,64-bit,0 GB,54990,35,3
MSI,Intel,Core i3,10th,8 GB,512 GB,0 GB,Windows,64-bit,0 GB,40990,118,17
ASUS,Intel,Core i3,11th,8 GB,512 GB,0 GB,Windows,64-bit,0 GB,41990,0,0
Lenovo,Intel,Core i3,11th,8 GB,512 GB,0 GB,Windows,64-bit,0 GB,54990,245,34
ASUS,Intel,Core i3,11th,8 GB,512 GB,0 GB,Windows,64-bit,0 GB,44990,2058,305
HP,Intel,Core i3,11th,8 GB,512 GB,0 GB,Windows,64-bit,0 GB,41250,117,11
HP,Intel,Core i3,11th,8 GB,512 GB,0 GB,Windows,64-bit,0 GB,44990,0,0
ASUS,Intel,Core i3,11th,8 GB,512 GB,0 GB,Windows,64-bit,0 GB,42990,74,11
DELL,Intel,Core i3,11th,8 GB,512 GB,0 GB,Windows,64-bit,0 GB,60790,10,1
HP,Intel,Core i3,11th,8 GB,512 GB,0 GB,Windows,64-bit,0 GB,45650,39,4
DELL,Intel,Core i3,10th,8 GB,512 GB,0 GB,Windows,64-bit,0 GB,41990,29,7
DELL,Intel,Core i3,10th,8 GB,512 GB,0 GB,Windows,64-bit,0 GB,45490,43,4
ASUS,Intel,Core i3,11th,8 GB,512 GB,0 GB,Windows,64-bit,0 GB,44990,0,0
Lenovo,Intel,Core i3,11th,8 GB,512 GB,0 GB,Windows,64-bit,0 GB,42990,984,99
HP,Intel,Core i3,11th,4 GB,512 GB,0 GB,Windows,64-bit,0 GB,45490,523,66
HP,Intel,Core i3,10th,4 GB,512 GB,0 GB,Windows,32-bit,0 GB,38799,30,1
HP,Intel,Core i3,11th,4 GB,512 GB,0 GB,Windows,64-bit,0 GB,69267,0,0
ASUS,Intel,Core i3,11th,4 GB,512 GB,0 GB,Windows,64-bit,0 GB,51649,0,0
HP,Intel,Core i3,11th,4 GB,512 GB,0 GB,Windows,64-bit,0 GB,47990,1605,215
ASUS,Intel,Core i3,10th,4 GB,512 GB,0 GB,Windows,64-bit,0 GB,40990,4008,519
ASUS,Intel,Core i3,10th,4 GB,512 GB,0 GB,Windows,64-bit,0 GB,42990,1869,234
ASUS,Intel,Core i3,11th,4 GB,512 GB,0 GB,Windows,64-bit,0 GB,44890,7,0
ASUS,Intel,Core i3,10th,4 GB,512 GB,0 GB,Windows,64-bit,0 GB,41490,4008,519
HP,Intel,Core i3,11th,4 GB,512 GB,0 GB,Windows,32-bit,0 GB,50990,0,0
HP,Intel,Core i3,11th,4 GB,512 GB,0 GB,Windows,64-bit,0 GB,48900,1278,135
DELL,Intel,Core i3,10th,4 GB,512 GB,0 GB,Windows,64-bit,0 GB,41790,0,0
Lenovo,Intel,Core i3,11th,4 GB,512 GB,0 GB,Windows,64-bit,0 GB,57999,10,2
DELL,Intel,Core i3,11th,8 GB,512 GB,0 GB,Windows,64-bit,0 GB,45930,0,0
HP,Intel,Core i3,11th,8 GB,512 GB,0 GB,Windows,64-bit,0 GB,55490,143,15
ASUS,Intel,Core i3,10th,8 GB,0 GB,1024 GB,Windows,64-bit,0 GB,32890,28,4
Lenovo,Intel,Core i3,10th,8 GB,0 GB,1024 GB,Windows,64-bit,0 GB,35990,2124,233
DELL,Intel,Core i3,11th,8 GB,0 GB,1024 GB,Windows,64-bit,0 GB,42490,276,40
DELL,Intel,Core i3,11th,8 GB,0 GB,1024 GB,Windows,64-bit,0 GB,42190,250,21
DELL,Intel,Core i3,10th,8 GB,0 GB,1024 GB,Windows,64-bit,0 GB,39490,1917,189
HP,Intel,Core i3,11th,8 GB,0 GB,1024 GB,Windows,64-bit,0 GB,43690,4999,490
ASUS,Intel,Core i3,10th,4 GB,0 GB,1024 GB,Windows,64-bit,0 GB,35990,17,0
DELL,Intel,Core i3,11th,8 GB,0 GB,1024 GB,Windows,32-bit,0 GB,43800,17,0
Lenovo,Intel,Core i3,10th,8 GB,0 GB,1024 GB,Windows,32-bit,0 GB,38990,0,0
ASUS,Intel,Core i3,10th,4 GB,0 GB,1024 GB,Windows,64-bit,0 GB,34990,4203,490
ASUS,Intel,Core i3,11th,8 GB,0 GB,1024 GB,Windows,64-bit,0 GB,38900,13,0
DELL,Intel,Core i3,10th,4 GB,0 GB,1024 GB,Windows,64-bit,0 GB,39990,15,1
DELL,Intel,Core i3,10th,4 GB,0 GB,1024 GB,Windows,32-bit,0 GB,40890,527,46
Lenovo,Intel,Core i3,10th,4 GB,0 GB,1024 GB,Windows,64-bit,0 GB,36990,103,10
HP,Intel,Core i3,11th,4 GB,0 GB,1024 GB,Windows,64-bit,0 GB,39990,324,45
HP,Intel,Core i3,11th,4 GB,0 GB,1024 GB,Windows,64-bit,0 GB,41990,69,5
DELL,Intel,Core i3,11th,4 GB,0 GB,1024 GB,Windows,32-bit,0 GB,43970,16,0
HP,Intel,Core i3,11th,4 GB,0 GB,1024 GB,Windows,64-bit,0 GB,39790,40,3
ASUS,Intel,Core i3,10th,4 GB,0 GB,1024 GB,Windows,32-bit,0 GB,35590,12,1
HP,Intel,Core i3,10th,4 GB,0 GB,1024 GB,Windows,64-bit,0 GB,36490,1146,175
ASUS,Intel,Core i3,10th,4 GB,0 GB,1024 GB,Windows,64-bit,0 GB,38990,1850,216
ASUS,Intel,Core i3,10th,4 GB,0 GB,1024 GB,Windows,32-bit,0 GB,33990,43,7
DELL,Intel,Core i3,10th,4 GB,0 GB,1024 GB,Windows,64-bit,0 GB,43400,231,26
ASUS,Intel,Celeron Dual,Not Available,4 GB,0 GB,512 GB,Windows,32-bit,0 GB,24990,502,93
HP,Intel,Core i3,10th,4 GB,0 GB,1024 GB,Windows,64-bit,0 GB,40750,1096,116
DELL,Intel,Core i3,10th,4 GB,0 GB,1024 GB,Windows,64-bit,0 GB,43000,313,35
ASUS,Intel,Core i3,10th,4 GB,0 GB,1024 GB,Windows,64-bit,0 GB,38000,7,0
DELL,Intel,Core i3,11th,8 GB,0 GB,1024 GB,Windows,64-bit,0 GB,37990,265,46
HP,Intel,Core i3,7th,8 GB,0 GB,1024 GB,Windows,64-bit,2 GB,49279,38,3
Lenovo,Intel,Core i3,10th,8 GB,0 GB,1024 GB,Windows,32-bit,0 GB,38999,7,2
ASUS,Intel,Core i3,11th,8 GB,0 GB,1024 GB,Windows,32-bit,0 GB,41500,4,0
acer,Intel,Core i3,11th,4 GB,0 GB,1024 GB,Windows,32-bit,0 GB,36999,0,0
DELL,Intel,Core i3,11th,8 GB,0 GB,1024 GB,Windows,32-bit,0 GB,42900,0,0
ASUS,Intel,Celeron Dual,Not Available,4 GB,0 GB,512 GB,Windows,32-bit,0 GB,21490,818,113
DELL,Intel,Core i3,11th,8 GB,0 GB,1024 GB,Windows,32-bit,0 GB,41480,25,4
ASUS,Intel,Core i3,10th,8 GB,0 GB,1024 GB,Windows,64-bit,0 GB,32990,12,0
ASUS,Intel,Core i3,11th,8 GB,0 GB,1024 GB,Windows,64-bit,0 GB,38680,17,1
ASUS,Intel,Celeron Dual,Not Available,4 GB,0 GB,512 GB,Windows,32-bit,0 GB,23990,974,170
DELL,Intel,Core i3,10th,8 GB,0 GB,1024 GB,Windows,64-bit,0 GB,40390,83,15
ASUS,Intel,Core i3,10th,4 GB,0 GB,1024 GB,Windows,64-bit,0 GB,33990,31,6
ASUS,Intel,Celeron Dual,Not Available,4 GB,0 GB,512 GB,Windows,32-bit,0 GB,20490,637,91
DELL,Intel,Core i3,10th,8 GB,256 GB,1024 GB,Windows,64-bit,0 GB,41490,7,5
DELL,Intel,Core i3,11th,8 GB,256 GB,1024 GB,Windows,64-bit,0 GB,45490,207,16
DELL,Intel,Core i3,11th,8 GB,256 GB,1024 GB,Windows,64-bit,0 GB,44490,844,103
ASUS,Intel,Core i3,11th,8 GB,256 GB,1024 GB,Windows,64-bit,0 GB,41890,53,6
DELL,Intel,Core i3,11th,4 GB,256 GB,1024 GB,Windows,64-bit,0 GB,42990,62,7
acer,Intel,Core i3,11th,8 GB,256 GB,1024 GB,Windows,64-bit,0 GB,40990,38,2
DELL,Intel,Core i3,11th,8 GB,256 GB,1024 GB,Windows,64-bit,0 GB,48990,724,92
DELL,Intel,Core i3,11th,4 GB,256 GB,1024 GB,Windows,64-bit,0 GB,43590,0,0
DELL,Intel,Core i3,10th,4 GB,256 GB,1024 GB,Windows,64-bit,0 GB,44690,9,0
ASUS,Intel,Core i3,10th,4 GB,256 GB,1024 GB,Windows,64-bit,0 GB,40990,0,0
DELL,Intel,Core i3,11th,4 GB,256 GB,1024 GB,Windows,64-bit,0 GB,43990,0,0
DELL,Intel,Core i3,10th,4 GB,256 GB,1024 GB,Windows,64-bit,0 GB,41390,56,7
DELL,Intel,Core i3,10th,4 GB,256 GB,1024 GB,Windows,64-bit,0 GB,44290,0,0
DELL,Intel,Core i3,11th,4 GB,256 GB,1024 GB,Windows,64-bit,0 GB,48999,0,0
DELL,Intel,Core i3,11th,4 GB,256 GB,1024 GB,Windows,64-bit,0 GB,39990,170,11
DELL,Intel,Core i3,10th,8 GB,256 GB,1024 GB,Windows,64-bit,0 GB,46390,95,5
ASUS,Intel,Celeron Dual,Not Available,4 GB,0 GB,512 GB,Windows,64-bit,0 GB,18990,197,25
ASUS,Intel,Celeron Dual,Not Available,4 GB,0 GB,512 GB,Windows,32-bit,0 GB,17990,1180,148
HP,Intel,Celeron Dual,Not Available,4 GB,0 GB,512 GB,Windows,64-bit,0 GB,26470,232,23
HP,Intel,Celeron Dual,Not Available,4 GB,0 GB,512 GB,Windows,64-bit,0 GB,27990,596,65
Lenovo,Intel,Celeron Dual,Not Available,4 GB,0 GB,1024 GB,Windows,32-bit,0 GB,29999,19,1
Lenovo,Intel,Celeron Dual,Not Available,4 GB,0 GB,512 GB,Windows,64-bit,0 GB,25990,84,16
Lenovo,Intel,Celeron Dual,Not Available,4 GB,0 GB,512 GB,Windows,32-bit,0 GB,16990,414,54
Lenovo,Intel,Celeron Dual,Not Available,4 GB,0 GB,512 GB,Windows,32-bit,0 GB,24990,70,16
acer,Intel,Core i5,Not Available,8 GB,0 GB,512 GB,Windows,32-bit,4 GB,50990,10966,1185
acer,Intel,Core i5,Not Available,8 GB,0 GB,512 GB,Windows,32-bit,0 GB,119990,1,1
acer,Intel,Core i5,10th,8 GB,0 GB,512 GB,DOS,32-bit,0 GB,94190,31,6
ASUS,Intel,Core i5,10th,8 GB,0 GB,512 GB,DOS,32-bit,4 GB,106167,1881,241
DELL,Intel,Core i5,10th,8 GB,0 GB,512 GB,DOS,32-bit,4 GB,68090,23,4
DELL,Intel,Core i5,10th,8 GB,0 GB,512 GB,DOS,32-bit,0 GB,139990,0,0
HP,Intel,Core i5,10th,8 GB,0 GB,512 GB,DOS,32-bit,0 GB,55990,818,109
HP,Intel,Core i5,10th,8 GB,0 GB,512 GB,DOS,32-bit,4 GB,102551,0,0
Lenovo,Intel,Core i5,10th,8 GB,0 GB,512 GB,DOS,32-bit,2 GB,46990,4428,569
HP,Intel,Core i5,8th,8 GB,128 GB,0 GB,Windows,64-bit,0 GB,76012,129,16
Lenovo,Intel,Core i5,11th,8 GB,256 GB,0 GB,Windows,64-bit,0 GB,49490,365,35
acer,Intel,Core i5,7th,8 GB,256 GB,0 GB,Windows,64-bit,0 GB,86867,39,3
ASUS,Intel,Core i5,11th,8 GB,256 GB,0 GB,Windows,64-bit,0 GB,48990,0,0
DELL,Intel,Core i5,11th,8 GB,256 GB,0 GB,Windows,64-bit,0 GB,55990,3,0
acer,Intel,Core i5,8th,8 GB,256 GB,0 GB,Windows,64-bit,0 GB,81998,14,3
HP,Intel,Core i5,8th,8 GB,256 GB,0 GB,Windows,64-bit,0 GB,136590,0,0
acer,Intel,Core i5,8th,8 GB,256 GB,0 GB,Windows,64-bit,0 GB,59490,33,7
ASUS,Intel,Core i5,11th,8 GB,256 GB,0 GB,Windows,64-bit,0 GB,49800,0,0
Lenovo,Intel,Core i5,11th,8 GB,256 GB,0 GB,Windows,64-bit,0 GB,61999,4,0
HP,Intel,Core i5,11th,8 GB,512 GB,0 GB,Windows,64-bit,0 GB,54990,116,15
HP,Intel,Core i5,11th,8 GB,512 GB,0 GB,Windows,64-bit,0 GB,53990,206,17
Lenovo,Intel,Core i5,11th,8 GB,512 GB,0 GB,Windows,64-bit,0 GB,52990,300,24
HP,Intel,Core i5,11th,16 GB,512 GB,0 GB,Windows,64-bit,0 GB,67990,108,6
ASUS,Intel,Core i5,10th,8 GB,512 GB,0 GB,Windows,64-bit,4 GB,57990,3712,412
Lenovo,Intel,Core i5,11th,16 GB,512 GB,0 GB,Windows,64-bit,0 GB,62300,825,95
Lenovo,Intel,Core i5,11th,8 GB,512 GB,0 GB,Windows,64-bit,0 GB,52990,0,0
Lenovo,Intel,Core i5,11th,8 GB,512 GB,0 GB,Windows,64-bit,0 GB,51990,85,4
Lenovo,Intel,Core i5,11th,16 GB,512 GB,0 GB,Windows,64-bit,0 GB,61990,56,7
ASUS,Intel,Core i5,11th,8 GB,512 GB,0 GB,Windows,32-bit,0 GB,63990,10,1
Lenovo,Intel,Core i5,11th,8 GB,512 GB,0 GB,Windows,64-bit,0 GB,65990,17,4
acer,Intel,Core i5,11th,8 GB,512 GB,0 GB,Windows,64-bit,0 GB,52990,155,20
Lenovo,Intel,Core i5,10th,8 GB,512 GB,0 GB,Windows,64-bit,0 GB,49990,0,0
ASUS,Intel,Core i5,11th,8 GB,512 GB,0 GB,Windows,64-bit,4 GB,71990,91,17
ASUS,Intel,Core i5,10th,8 GB,512 GB,0 GB,Windows,64-bit,0 GB,47990,35,2
Lenovo,Intel,Core i5,10th,8 GB,512 GB,0 GB,Windows,32-bit,0 GB,48490,126,13
ASUS,Intel,Core i5,11th,8 GB,512 GB,0 GB,Windows,64-bit,4 GB,72990,74,10
MSI,Intel,Core i5,11th,16 GB,512 GB,0 GB,Windows,64-bit,4 GB,76990,75,17
ASUS,Intel,Core i5,11th,16 GB,512 GB,0 GB,Windows,64-bit,6 GB,89990,124,17
MSI,Intel,Core i5,10th,8 GB,512 GB,0 GB,Windows,64-bit,4 GB,59990,1597,228
ASUS,Intel,Core i5,10th,8 GB,512 GB,0 GB,Windows,64-bit,4 GB,65990,3850,378
DELL,Intel,Core i5,11th,8 GB,512 GB,0 GB,Windows,64-bit,0 GB,71990,7,1
DELL,Intel,Core i5,11th,8 GB,512 GB,0 GB,Windows,64-bit,0 GB,71890,3,0
Lenovo,Intel,Core i5,11th,16 GB,512 GB,0 GB,Windows,64-bit,0 GB,64990,0,0
ASUS,Intel,Core i5,11th,16 GB,512 GB,0 GB,Windows,64-bit,0 GB,65990,0,0
HP,Intel,Core i5,11th,8 GB,512 GB,0 GB,Windows,64-bit,0 GB,55999,5,1
ASUS,Intel,Core i5,11th,16 GB,512 GB,0 GB,Windows,64-bit,4 GB,73490,213,45
HP,Intel,Core i5,11th,16 GB,512 GB,0 GB,Windows,64-bit,0 GB,74490,10,0
HP,Intel,Core i5,11th,8 GB,512 GB,0 GB,Windows,64-bit,0 GB,58340,69,6
acer,Intel,Core i5,11th,8 GB,512 GB,0 GB,Windows,64-bit,0 GB,55999,6,0
DELL,Intel,Core i5,11th,16 GB,512 GB,0 GB,Windows,64-bit,0 GB,67990,93,9
ASUS,Intel,Core i5,11th,16 GB,512 GB,0 GB,Windows,64-bit,0 GB,59990,11,2
ASUS,Intel,Core i5,11th,16 GB,512 GB,0 GB,Windows,64-bit,6 GB,82990,262,31
DELL,Intel,Core i5,11th,8 GB,512 GB,0 GB,Windows,64-bit,2 GB,64190,0,0
DELL,Intel,Core i5,11th,16 GB,512 GB,0 GB,Windows,64-bit,0 GB,70090,5,1
ASUS,Intel,Core i5,10th,8 GB,512 GB,0 GB,Windows,64-bit,2 GB,49990,45,3
MSI,Intel,Core i5,11th,8 GB,512 GB,0 GB,Windows,64-bit,0 GB,55490,8,1
HP,Intel,Core i5,11th,8 GB,512 GB,0 GB,Windows,64-bit,0 GB,97990,3,1
ASUS,Intel,Core i5,9th,8 GB,512 GB,0 GB,Windows,64-bit,4 GB,54990,1681,227
Lenovo,Intel,Core i5,11th,8 GB,512 GB,0 GB,Windows,64-bit,0 GB,59990,37,2
Lenovo,Intel,Core i5,11th,8 GB,512 GB,0 GB,Windows,64-bit,0 GB,53990,61,2
HP,Intel,Core i5,11th,16 GB,512 GB,0 GB,Windows,64-bit,0 GB,66999,17,1
acer,Intel,Core i5,11th,8 GB,512 GB,0 GB,Windows,64-bit,0 GB,60990,17,1
ASUS,Intel,Core i5,10th,8 GB,512 GB,0 GB,Windows,64-bit,0 GB,47990,1625,152
HP,Intel,Core i5,11th,8 GB,512 GB,0 GB,Windows,32-bit,0 GB,59999,4,1
DELL,Intel,Core i5,10th,16 GB,512 GB,0 GB,Windows,64-bit,4 GB,79990,0,0
ASUS,Intel,Core i5,10th,8 GB,512 GB,0 GB,Windows,64-bit,4 GB,63990,0,0
HP,Intel,Core i5,11th,8 GB,512 GB,0 GB,Windows,64-bit,0 GB,63990,17,1
ASUS,Intel,Core i5,11th,16 GB,512 GB,0 GB,Windows,64-bit,0 GB,59990,0,0
Lenovo,Intel,Core i5,11th,8 GB,512 GB,0 GB,Windows,64-bit,0 GB,55990,0,0
HP,Intel,Core i5,11th,8 GB,512 GB,0 GB,Windows,64-bit,0 GB,63990,3,0
DELL,Intel,Core i5,11th,16 GB,512 GB,0 GB,Windows,64-bit,2 GB,69490,0,0
DELL,Intel,Core i5,11th,16 GB,512 GB,0 GB,Windows,64-bit,0 GB,89390,0,0
ASUS,Intel,Core i5,11th,8 GB,512 GB,0 GB,Windows,64-bit,0 GB,74990,0,0
Lenovo,Intel,Core i5,11th,8 GB,512 GB,0 GB,Windows,64-bit,0 GB,64990,48,12
Lenovo,Intel,Core i5,10th,8 GB,512 GB,0 GB,Windows,64-bit,4 GB,66490,282,36
DELL,Intel,Core i5,11th,16 GB,512 GB,0 GB,Windows,64-bit,2 GB,89702,0,0
Lenovo,Intel,Core i5,11th,16 GB,512 GB,0 GB,Windows,64-bit,2 GB,70990,67,4
ASUS,Intel,Core i5,11th,16 GB,512 GB,0 GB,Windows,64-bit,0 GB,58990,0,0
Lenovo,Intel,Core i5,10th,8 GB,512 GB,0 GB,Windows,64-bit,2 GB,57500,0,0
DELL,Intel,Core i5,11th,8 GB,512 GB,0 GB,Windows,64-bit,2 GB,79990,23,2
MSI,Intel,Core i5,10th,8 GB,512 GB,0 GB,Windows,64-bit,0 GB,56541,677,87
ASUS,Intel,Core i5,11th,16 GB,512 GB,0 GB,Windows,64-bit,0 GB,59990,3,0
Lenovo,Intel,Core i5,11th,16 GB,512 GB,0 GB,Windows,64-bit,0 GB,64990,46,4
DELL,Intel,Core i5,11th,8 GB,512 GB,0 GB,Windows,64-bit,0 GB,61290,4,1
Lenovo,Intel,Core i5,11th,8 GB,512 GB,0 GB,Windows,64-bit,0 GB,54990,9,1
Lenovo,Intel,Core i5,11th,8 GB,512 GB,0 GB,Windows,64-bit,0 GB,59990,26,4
ASUS,Intel,Core i5,11th,8 GB,512 GB,0 GB,Windows,32-bit,6 GB,84990,5,0
HP,Intel,Core i5,11th,8 GB,512 GB,0 GB,Windows,64-bit,0 GB,72500,40,3
Lenovo,Intel,Core i5,11th,8 GB,512 GB,0 GB,Windows,64-bit,4 GB,59990,44,6
Lenovo,Intel,Core i5,11th,8 GB,512 GB,0 GB,Windows,64-bit,0 GB,87990,28,6
HP,Intel,Core i5,11th,8 GB,512 GB,0 GB,Windows,64-bit,0 GB,57990,1541,123
DELL,Intel,Core i5,11th,8 GB,512 GB,0 GB,Windows,64-bit,0 GB,69490,72,7
Lenovo,Intel,Core i5,11th,8 GB,512 GB,0 GB,Windows,64-bit,0 GB,68990,44,8
Lenovo,Intel,Core i5,11th,8 GB,512 GB,0 GB,Windows,32-bit,0 GB,77990,17,2
ASUS,Intel,Core i5,11th,8 GB,512 GB,0 GB,Windows,64-bit,0 GB,105990,59,11
MSI,Intel,Core i5,11th,8 GB,512 GB,0 GB,Windows,64-bit,0 GB,79990,0,0
DELL,Intel,Core i5,11th,8 GB,512 GB,0 GB,Windows,64-bit,0 GB,55490,337,27
Lenovo,Intel,Core i5,11th,8 GB,512 GB,0 GB,Windows,64-bit,0 GB,69990,10,2
ASUS,Intel,Core i5,11th,8 GB,512 GB,0 GB,Windows,64-bit,0 GB,84990,10,2
DELL,Intel,Core i5,11th,8 GB,512 GB,0 GB,Windows,64-bit,0 GB,59990,31,7
DELL,Intel,Core i5,10th,8 GB,512 GB,0 GB,Windows,64-bit,0 GB,111890,0,0
DELL,Intel,Core i5,11th,8 GB,512 GB,0 GB,Windows,64-bit,2 GB,65990,10,0
ASUS,Intel,Core i5,11th,8 GB,512 GB,0 GB,Windows,32-bit,0 GB,72990,76,14
DELL,Intel,Core i5,11th,8 GB,512 GB,0 GB,Windows,64-bit,0 GB,71090,44,6
MSI,Intel,Core i5,11th,8 GB,512 GB,0 GB,Windows,64-bit,4 GB,74990,0,0
ASUS,Intel,Core i5,10th,8 GB,512 GB,0 GB,Windows,64-bit,0 GB,79990,11,3
MSI,Intel,Core i5,11th,8 GB,512 GB,0 GB,Windows,64-bit,0 GB,55490,138,16
DELL,Intel,Core i5,11th,8 GB,512 GB,0 GB,Windows,64-bit,2 GB,66490,199,17
ASUS,Intel,Core i5,11th,8 GB,512 GB,0 GB,Windows,64-bit,0 GB,53400,46,6
DELL,Intel,Core i5,11th,8 GB,512 GB,0 GB,Windows,64-bit,0 GB,74500,45,5
DELL,Intel,Core i5,11th,8 GB,512 GB,0 GB,Windows,64-bit,0 GB,114990,0,0
DELL,Intel,Core i5,11th,8 GB,512 GB,0 GB,Windows,64-bit,2 GB,61990,35,4
APPLE,Intel,Core i5,10th,8 GB,512 GB,0 GB,Mac,64-bit,0 GB,159990,32,5
APPLE,Intel,Core i5,8th,8 GB,512 GB,0 GB,Mac,64-bit,0 GB,172090,108,13
MSI,Intel,Core i5,11th,8 GB,512 GB,0 GB,Windows,64-bit,4 GB,74990,0,0
MSI,Intel,Core i5,10th,8 GB,512 GB,0 GB,Windows,64-bit,0 GB,56490,814,112
Lenovo,Intel,Core i5,10th,8 GB,512 GB,0 GB,Windows,64-bit,0 GB,147000,0,0
Lenovo,Intel,Core i5,11th,8 GB,512 GB,0 GB,Windows,64-bit,0 GB,55990,75,9
HP,Intel,Core i5,11th,8 GB,512 GB,0 GB,Windows,64-bit,4 GB,77990,0,0
HP,Intel,Core i5,10th,8 GB,512 GB,0 GB,Windows,64-bit,4 GB,106490,3,0
Lenovo,Intel,Core i5,11th,8 GB,512 GB,0 GB,Windows,32-bit,2 GB,70990,11,3
Lenovo,Intel,Core i5,11th,8 GB,512 GB,0 GB,Windows,64-bit,0 GB,64990,125,11
acer,Intel,Core i5,11th,8 GB,512 GB,0 GB,Windows,64-bit,0 GB,57990,0,0
ASUS,Intel,Core i5,10th,8 GB,512 GB,0 GB,Windows,64-bit,4 GB,64990,4,0
MSI,Intel,Core i5,10th,8 GB,512 GB,0 GB,Windows,64-bit,0 GB,54990,714,147
HP,Intel,Core i5,11th,8 GB,512 GB,0 GB,Windows,64-bit,0 GB,111999,0,0
Lenovo,Intel,Core i5,10th,8 GB,512 GB,0 GB,Windows,64-bit,2 GB,70798,21,3
Lenovo,Intel,Core i5,9th,8 GB,512 GB,0 GB,Windows,64-bit,4 GB,59990,9,1
acer,Intel,Core i5,8th,8 GB,512 GB,0 GB,Windows,64-bit,4 GB,99500,0,0
HP,Intel,Core i5,10th,8 GB,512 GB,0 GB,Windows,64-bit,0 GB,55990,30,4
ASUS,Intel,Core i5,8th,8 GB,512 GB,0 GB,Windows,64-bit,0 GB,72990,44,4
acer,Intel,Core i5,8th,8 GB,512 GB,0 GB,Windows,64-bit,0 GB,64990,4,1
ASUS,Intel,Core i5,11th,8 GB,512 GB,0 GB,Windows,64-bit,0 GB,57990,0,0
HP,Intel,Core i5,11th,8 GB,512 GB,0 GB,Windows,64-bit,2 GB,76990,14,2
Lenovo,Intel,Core i5,11th,8 GB,512 GB,0 GB,Windows,64-bit,0 GB,62998,739,71
DELL,Intel,Core i5,11th,8 GB,512 GB,0 GB,Windows,64-bit,0 GB,77990,31,5
HP,Intel,Core i5,10th,8 GB,512 GB,0 GB,Windows,64-bit,0 GB,114990,145,19
DELL,Intel,Core i5,10th,8 GB,512 GB,0 GB,Windows,64-bit,2 GB,65990,0,0
DELL,Intel,Core i5,11th,8 GB,512 GB,0 GB,Windows,64-bit,2 GB,88990,19,2
Lenovo,Intel,Core i5,10th,8 GB,512 GB,0 GB,Windows,64-bit,0 GB,113590,0,0
ASUS,Intel,Core i5,11th,8 GB,512 GB,0 GB,Windows,64-bit,0 GB,73990,32,6
HP,Intel,Core i5,11th,8 GB,512 GB,0 GB,Windows,64-bit,0 GB,61000,1124,100
ASUS,Intel,Core i5,11th,8 GB,512 GB,0 GB,Windows,64-bit,0 GB,99990,35,6
Lenovo,Intel,Core i5,11th,8 GB,512 GB,0 GB,Windows,64-bit,0 GB,67990,9,0
DELL,Intel,Core i5,11th,8 GB,512 GB,0 GB,Windows,64-bit,0 GB,70799,98,6
Lenovo,Intel,Core i5,11th,8 GB,512 GB,0 GB,Windows,64-bit,0 GB,65990,31,2
ASUS,Intel,Core i5,8th,8 GB,512 GB,0 GB,Windows,64-bit,0 GB,53690,19,3
MSI,Intel,Core i5,11th,8 GB,512 GB,0 GB,Windows,64-bit,0 GB,55990,0,0
ASUS,Intel,Core i5,11th,8 GB,512 GB,0 GB,Windows,64-bit,0 GB,53190,11,0
Lenovo,Intel,Core i5,10th,8 GB,512 GB,0 GB,Windows,32-bit,2 GB,58999,45,3
DELL,Intel,Core i5,11th,8 GB,512 GB,0 GB,Windows,64-bit,2 GB,71990,0,0
HP,Intel,Core i5,11th,8 GB,512 GB,0 GB,Windows,32-bit,4 GB,82000,0,0
ASUS,Intel,Core i5,11th,8 GB,512 GB,0 GB,Windows,64-bit,0 GB,84990,0,0
Lenovo,Intel,Core i5,11th,8 GB,512 GB,0 GB,Windows,64-bit,2 GB,89998,0,0
ASUS,Intel,Core i5,11th,8 GB,512 GB,0 GB,Windows,64-bit,0 GB,99990,0,0
Lenovo,Intel,Core i5,10th,8 GB,512 GB,0 GB,Windows,64-bit,4 GB,69899,474,37
DELL,Intel,Core i5,10th,8 GB,512 GB,0 GB,Windows,64-bit,4 GB,79990,0,0
DELL,Intel,Core i5,10th,8 GB,512 GB,0 GB,Windows,64-bit,4 GB,76300,6,0
Lenovo,Intel,Core i5,10th,8 GB,512 GB,0 GB,Windows,64-bit,0 GB,55999,0,0
DELL,Intel,Core i5,11th,8 GB,512 GB,0 GB,Windows,64-bit,0 GB,72900,24,4
DELL,Intel,Core i5,11th,8 GB,512 GB,0 GB,Windows,64-bit,0 GB,73990,195,17
ASUS,Intel,Core i5,11th,8 GB,512 GB,0 GB,Windows,64-bit,0 GB,84990,0,0
DELL,Intel,Core i5,11th,8 GB,512 GB,0 GB,Windows,32-bit,2 GB,73519,0,0
HP,Intel,Core i5,10th,8 GB,512 GB,0 GB,Windows,64-bit,0 GB,126000,2,1
ASUS,Intel,Core i5,11th,8 GB,512 GB,0 GB,Windows,64-bit,6 GB,88990,0,0
HP,Intel,Core i5,11th,8 GB,512 GB,0 GB,Windows,64-bit,0 GB,114999,0,0
DELL,Intel,Core i5,11th,8 GB,512 GB,0 GB,Windows,64-bit,2 GB,82990,21,2
acer,Intel,Core i5,11th,8 GB,512 GB,0 GB,Windows,64-bit,0 GB,109999,0,0
Lenovo,Intel,Core i5,11th,8 GB,512 GB,0 GB,Windows,64-bit,0 GB,82990,0,0
DELL,Intel,Core i5,11th,8 GB,512 GB,0 GB,Windows,64-bit,2 GB,79990,5,0
ASUS,Intel,Core i5,11th,8 GB,512 GB,0 GB,Windows,64-bit,0 GB,114990,0,0
HP,Intel,Core i5,11th,8 GB,512 GB,0 GB,Windows,64-bit,0 GB,129999,0,0
MSI,Intel,Core i5,8th,8 GB,512 GB,0 GB,Windows,32-bit,6 GB,149990,10,3
DELL,Intel,Core i5,11th,8 GB,512 GB,0 GB,Windows,64-bit,2 GB,71290,0,0
DELL,Intel,Core i5,10th,8 GB,512 GB,0 GB,Windows,64-bit,0 GB,79500,10,1
DELL,Intel,Core i5,10th,8 GB,512 GB,0 GB,Windows,64-bit,2 GB,82990,15,3
DELL,Intel,Core i5,11th,8 GB,512 GB,0 GB,Windows,64-bit,2 GB,70980,138,23
HP,Intel,Core i5,11th,8 GB,512 GB,0 GB,Windows,32-bit,0 GB,94000,0,0
DELL,Intel,Core i5,11th,8 GB,512 GB,0 GB,Windows,64-bit,2 GB,82990,16,3
MSI,Intel,Core i5,11th,8 GB,512 GB,0 GB,Windows,64-bit,0 GB,79990,11,4
ASUS,Intel,Core i5,8th,8 GB,512 GB,0 GB,Windows,64-bit,0 GB,85990,0,0
ASUS,Intel,Core i5,10th,8 GB,512 GB,0 GB,Windows,64-bit,2 GB,86990,0,0
ASUS,Intel,Core i5,10th,8 GB,512 GB,0 GB,Windows,64-bit,2 GB,105990,4,0
ASUS,Intel,Core i5,10th,8 GB,512 GB,0 GB,Windows,64-bit,0 GB,84990,0,0
Lenovo,Intel,Core i5,8th,8 GB,512 GB,0 GB,Windows,64-bit,2 GB,59999,22,3
Lenovo,Intel,Core i5,11th,8 GB,512 GB,0 GB,Windows,64-bit,0 GB,91999,16,2
DELL,Intel,Core i5,11th,8 GB,512 GB,0 GB,Windows,64-bit,0 GB,78900,16,1
ASUS,Intel,Core i5,10th,8 GB,512 GB,0 GB,Windows,64-bit,0 GB,132790,0,0
Lenovo,Intel,Core i5,11th,8 GB,512 GB,0 GB,Windows,64-bit,4 GB,60990,14,6
Avita,Intel,Core i5,7th,8 GB,512 GB,0 GB,Windows,64-bit,0 GB,65556,0,0
DELL,Intel,Core i5,11th,16 GB,512 GB,0 GB,Windows,64-bit,0 GB,70190,6,3
DELL,Intel,Core i5,11th,8 GB,512 GB,0 GB,Windows,64-bit,2 GB,79590,0,0
ASUS,Intel,Core i5,11th,8 GB,512 GB,0 GB,Windows,64-bit,4 GB,76990,0,0
Avita,Intel,Core i5,8th,8 GB,512 GB,0 GB,Windows,64-bit,0 GB,44990,17,3
ASUS,Intel,Core i5,11th,8 GB,512 GB,0 GB,Windows,64-bit,0 GB,84990,17,2
Lenovo,Intel,Core i5,10th,8 GB,512 GB,0 GB,Windows,64-bit,2 GB,86999,3,0
HP,Intel,Core i5,11th,16 GB,512 GB,0 GB,Windows,64-bit,2 GB,78000,512,85
Avita,Intel,Core i5,8th,8 GB,512 GB,0 GB,Windows,64-bit,0 GB,73063,17,3
HP,Intel,Core i5,11th,16 GB,512 GB,0 GB,Windows,64-bit,4 GB,100990,0,0
Lenovo,Intel,Core i5,8th,8 GB,512 GB,0 GB,Windows,64-bit,0 GB,74990,3,1
ASUS,Intel,Core i5,10th,8 GB,512 GB,0 GB,Windows,64-bit,4 GB,75990,1365,137
Lenovo,Intel,Core i5,11th,8 GB,512 GB,0 GB,Windows,32-bit,2 GB,84086,8,3
ASUS,Intel,Core i5,11th,8 GB,1024 GB,0 GB,Windows,64-bit,4 GB,75990,368,48
ASUS,Intel,Core i5,11th,8 GB,1024 GB,0 GB,Windows,64-bit,4 GB,77990,202,26
ASUS,Intel,Core i5,10th,8 GB,1024 GB,0 GB,Windows,64-bit,4 GB,77990,187,26
APPLE,Intel,Core i5,10th,16 GB,1024 GB,0 GB,Mac,64-bit,0 GB,179990,31,3
APPLE,Intel,Core i5,10th,16 GB,1024 GB,0 GB,Mac,64-bit,0 GB,179990,91,5
ASUS,Intel,Core i5,10th,8 GB,1024 GB,0 GB,Windows,64-bit,4 GB,82990,844,118
ASUS,Intel,Core i5,11th,8 GB,1024 GB,0 GB,Windows,64-bit,4 GB,87990,0,0
ASUS,Intel,Core i5,11th,8 GB,1024 GB,0 GB,Windows,64-bit,4 GB,84500,3,0
DELL,Intel,Core i5,11th,8 GB,1024 GB,0 GB,Windows,64-bit,0 GB,74190,21,3
Lenovo,Intel,Core i5,11th,8 GB,1024 GB,0 GB,Windows,64-bit,0 GB,64990,4,0
Lenovo,Intel,Core i5,10th,8 GB,512 GB,512 GB,Windows,64-bit,0 GB,155411,0,0
Lenovo,Intel,Core i5,10th,8 GB,512 GB,512 GB,Windows,64-bit,0 GB,125394,0,0
acer,Intel,Core i5,11th,8 GB,0 GB,1024 GB,Windows,64-bit,0 GB,49990,0,0
acer,Intel,Core i5,11th,8 GB,0 GB,1024 GB,Windows,64-bit,0 GB,46990,253,28
DELL,Intel,Core i5,11th,8 GB,0 GB,1024 GB,Windows,64-bit,0 GB,48990,470,46
acer,Intel,Core i5,8th,8 GB,0 GB,1024 GB,Windows,64-bit,2 GB,59999,118,28
ASUS,Intel,Core i5,10th,8 GB,0 GB,1024 GB,Windows,64-bit,0 GB,46990,1444,179
MSI,Intel,Core i5,10th,8 GB,0 GB,1024 GB,Windows,64-bit,4 GB,52990,1114,137
Lenovo,Intel,Core i5,7th,8 GB,0 GB,1024 GB,Windows,32-bit,2 GB,57999,0,0
Lenovo,Intel,Core i5,4th,8 GB,0 GB,1024 GB,Windows,64-bit,0 GB,52490,78,17
Lenovo,Intel,Core i5,8th,8 GB,0 GB,1024 GB,Windows,64-bit,4 GB,56990,21,5
acer,Intel,Core i5,8th,8 GB,0 GB,1024 GB,Windows,64-bit,2 GB,61990,73,21
DELL,Intel,Core i5,11th,8 GB,0 GB,1024 GB,Windows,32-bit,0 GB,58090,0,0
ASUS,Intel,Core i5,10th,8 GB,0 GB,1024 GB,Windows,64-bit,0 GB,56990,0,0
acer,Intel,Core i5,8th,8 GB,0 GB,1024 GB,Windows,64-bit,0 GB,61597,0,0
ASUS,Intel,Core i5,8th,8 GB,0 GB,1024 GB,Windows,64-bit,0 GB,81990,0,0
ASUS,Intel,Core i5,10th,8 GB,0 GB,1024 GB,Windows,64-bit,0 GB,61249,0,0
DELL,Intel,Core i5,11th,8 GB,0 GB,1024 GB,Windows,32-bit,0 GB,58990,0,0
ASUS,Intel,Core i5,10th,8 GB,0 GB,1024 GB,Windows,64-bit,2 GB,83990,0,0
MSI,Intel,Core i5,10th,8 GB,0 GB,512 GB,DOS,32-bit,6 GB,291190,7,3
MSI,Intel,Core i5,10th,8 GB,0 GB,512 GB,DOS,32-bit,6 GB,145990,715,106
MSI,Intel,Core i5,10th,8 GB,0 GB,512 GB,DOS,32-bit,8 GB,179990,24,5
HP,Intel,Core i5,8th,8 GB,0 GB,1024 GB,Windows,64-bit,2 GB,64990,23,4
HP,Intel,Core i5,8th,8 GB,0 GB,1024 GB,Windows,64-bit,0 GB,46790,3062,325
HP,Intel,Core i5,7th,4 GB,0 GB,1024 GB,Windows,64-bit,0 GB,44599,122,12
acer,Intel,Core i5,8th,8 GB,0 GB,1024 GB,Windows,64-bit,2 GB,72964,18,6
HP,Intel,Core i5,10th,8 GB,0 GB,1024 GB,Windows,32-bit,0 GB,48790,11,1
acer,Intel,Core i5,10th,8 GB,0 GB,1024 GB,Windows,64-bit,2 GB,56491,30,6
ASUS,Intel,Core i5,11th,8 GB,256 GB,1024 GB,Windows,32-bit,0 GB,50990,1188,127
ASUS,Intel,Core i5,10th,8 GB,256 GB,1024 GB,Windows,64-bit,4 GB,55990,23,0
acer,Intel,Core i5,11th,8 GB,256 GB,1024 GB,Windows,64-bit,0 GB,57990,32,1
ASUS,Intel,Core i5,11th,8 GB,256 GB,1024 GB,Windows,64-bit,0 GB,52990,0,0
DELL,Intel,Core i5,11th,8 GB,256 GB,1024 GB,Windows,64-bit,0 GB,57990,47,0
acer,Intel,Core i5,11th,8 GB,256 GB,1024 GB,Windows,64-bit,0 GB,56990,27,2
acer,Intel,Core i5,11th,8 GB,256 GB,1024 GB,Windows,64-bit,0 GB,55490,8,3
DELL,Intel,Core i5,11th,8 GB,256 GB,1024 GB,Windows,64-bit,2 GB,62490,157,20
ASUS,Intel,Core i5,11th,16 GB,256 GB,1024 GB,Windows,64-bit,0 GB,64990,10,1
Lenovo,Intel,Core i5,11th,8 GB,256 GB,1024 GB,Windows,64-bit,2 GB,59990,52,4
ASUS,Intel,Core i5,11th,8 GB,256 GB,1024 GB,Windows,64-bit,2 GB,60190,33,4
ASUS,Intel,Core i5,9th,8 GB,256 GB,1024 GB,Windows,64-bit,4 GB,54490,343,47
Lenovo,Intel,Core i5,9th,8 GB,256 GB,1024 GB,Windows,64-bit,4 GB,60990,131,17
DELL,Intel,Core i5,11th,4 GB,256 GB,1024 GB,Windows,64-bit,0 GB,55790,41,4
ASUS,Intel,Core i5,11th,16 GB,256 GB,1024 GB,Windows,64-bit,0 GB,64990,328,51
ASUS,Intel,Core i5,11th,16 GB,256 GB,1024 GB,Windows,64-bit,0 GB,58990,6,1
DELL,Intel,Core i5,11th,8 GB,256 GB,1024 GB,Windows,64-bit,0 GB,54990,353,28
HP,Intel,Core i5,11th,8 GB,256 GB,1024 GB,Windows,64-bit,4 GB,71990,127,20
DELL,Intel,Core i5,11th,8 GB,256 GB,1024 GB,Windows,64-bit,2 GB,69900,0,0
Lenovo,Intel,Core i5,11th,8 GB,256 GB,1024 GB,Windows,64-bit,2 GB,65990,241,19
ASUS,Intel,Core i5,11th,8 GB,256 GB,1024 GB,Windows,64-bit,0 GB,49990,22,2
DELL,Intel,Core i5,11th,8 GB,256 GB,1024 GB,Windows,64-bit,0 GB,58990,8,1
Lenovo,Intel,Core i5,10th,8 GB,256 GB,1024 GB,Windows,64-bit,4 GB,74590,898,128
ASUS,Intel,Core i5,10th,8 GB,256 GB,1024 GB,Windows,32-bit,2 GB,58990,1,1
ASUS,Intel,Core i5,11th,8 GB,256 GB,1024 GB,Windows,64-bit,0 GB,64990,0,0
DELL,Intel,Core i5,11th,8 GB,256 GB,1024 GB,Windows,64-bit,2 GB,66490,6,1
DELL,Intel,Core i5,10th,8 GB,256 GB,1024 GB,Windows,64-bit,4 GB,77900,179,34
DELL,Intel,Core i5,11th,8 GB,256 GB,1024 GB,Windows,64-bit,2 GB,67490,41,5
DELL,Intel,Core i5,11th,8 GB,256 GB,1024 GB,Windows,64-bit,0 GB,61990,0,0
DELL,Intel,Core i5,11th,8 GB,256 GB,1024 GB,Windows,64-bit,0 GB,58990,114,9
Lenovo,Intel,Core i5,10th,8 GB,256 GB,1024 GB,Windows,64-bit,4 GB,74999,268,25
ASUS,Intel,Core i5,11th,8 GB,256 GB,1024 GB,Windows,64-bit,0 GB,68900,6,1
DELL,Intel,Core i5,11th,8 GB,256 GB,1024 GB,Windows,64-bit,2 GB,71695,153,16
acer,Intel,Core i5,11th,16 GB,256 GB,1024 GB,Windows,64-bit,0 GB,62490,8,0
DELL,Intel,Core i5,8th,8 GB,0 GB,2048 GB,Windows,64-bit,2 GB,62317,377,53
MSI,Intel,Core i5,10th,8 GB,0 GB,512 GB,DOS,32-bit,8 GB,207290,0,0
DELL,Intel,Core i7,8th,16 GB,256 GB,0 GB,Windows,64-bit,4 GB,87990,120,21
Avita,Intel,Core i7,8th,8 GB,256 GB,0 GB,Windows,64-bit,0 GB,73990,0,0
ASUS,Intel,Core i7,10th,16 GB,512 GB,0 GB,Windows,64-bit,0 GB,57990,76,9
ASUS,Intel,Core i7,10th,8 GB,512 GB,0 GB,Windows,64-bit,4 GB,61990,11,2
MSI,Intel,Core i7,10th,16 GB,512 GB,0 GB,Windows,64-bit,4 GB,79990,484,56
Lenovo,Intel,Core i7,10th,8 GB,512 GB,0 GB,Windows,64-bit,4 GB,68990,44,2
Lenovo,Intel,Core i7,11th,16 GB,512 GB,0 GB,Windows,64-bit,0 GB,85990,77,10
Lenovo,Intel,Core i7,11th,16 GB,512 GB,0 GB,Windows,64-bit,4 GB,99990,11,3
ASUS,Intel,Core i7,11th,8 GB,512 GB,0 GB,Windows,64-bit,0 GB,77990,21,5
Lenovo,Intel,Core i7,11th,8 GB,512 GB,0 GB,Windows,64-bit,4 GB,79990,5,2
HP,Intel,Core i7,11th,16 GB,512 GB,0 GB,Windows,64-bit,4 GB,93190,4,0
ASUS,Intel,Core i7,11th,16 GB,512 GB,0 GB,Windows,64-bit,0 GB,94990,0,0
Lenovo,Intel,Core i7,11th,16 GB,512 GB,0 GB,Windows,64-bit,0 GB,84990,13,2
MSI,Intel,Core i7,10th,8 GB,512 GB,0 GB,Windows,64-bit,0 GB,57990,15,0
HP,Intel,Core i7,11th,16 GB,512 GB,0 GB,Windows,64-bit,0 GB,102990,11,2
DELL,Intel,Core i7,11th,16 GB,512 GB,0 GB,Windows,64-bit,4 GB,99990,0,0
ASUS,Intel,Core i7,11th,16 GB,512 GB,0 GB,Windows,64-bit,4 GB,94990,118,15
HP,Intel,Core i7,11th,16 GB,512 GB,0 GB,Windows,64-bit,0 GB,104000,0,0
MSI,Intel,Core i7,11th,16 GB,512 GB,0 GB,Windows,64-bit,2 GB,76990,0,0
HP,Intel,Core i7,11th,16 GB,512 GB,0 GB,Windows,64-bit,4 GB,90190,6,1
Lenovo,Intel,Core i7,11th,16 GB,512 GB,0 GB,Windows,32-bit,0 GB,88488,0,0
MSI,Intel,Core i7,10th,16 GB,512 GB,0 GB,Windows,64-bit,4 GB,109990,138,30
MSI,Intel,Core i7,11th,16 GB,512 GB,0 GB,Windows,64-bit,4 GB,86990,0,0
MSI,Intel,Core i7,11th,16 GB,512 GB,0 GB,Windows,64-bit,0 GB,89990,0,0
HP,Intel,Core i7,10th,16 GB,512 GB,0 GB,Windows,64-bit,0 GB,239759,0,0
ASUS,Intel,Core i7,11th,16 GB,512 GB,0 GB,Windows,64-bit,2 GB,78990,35,4
DELL,Intel,Core i7,8th,16 GB,512 GB,0 GB,Windows,64-bit,0 GB,121890,3,0
ASUS,Intel,Core i7,8th,16 GB,512 GB,0 GB,Windows,64-bit,0 GB,85990,18,0
MSI,Intel,Core i7,11th,16 GB,512 GB,0 GB,Windows,64-bit,4 GB,94990,0,0
HP,Intel,Core i7,11th,16 GB,512 GB,0 GB,Windows,64-bit,4 GB,92000,8,1
HP,Intel,Core i7,10th,16 GB,512 GB,0 GB,Windows,64-bit,0 GB,162990,3,1
DELL,Intel,Core i7,11th,16 GB,512 GB,0 GB,Windows,64-bit,0 GB,135300,5,2
MSI,Intel,Core i7,11th,16 GB,512 GB,0 GB,Windows,64-bit,0 GB,64990,33,5
Lenovo,Intel,Core i7,10th,16 GB,512 GB,0 GB,Windows,64-bit,0 GB,174527,0,0
Lenovo,Intel,Core i7,10th,16 GB,512 GB,0 GB,Windows,64-bit,0 GB,162299,0,0
DELL,Intel,Core i7,10th,16 GB,512 GB,0 GB,Windows,64-bit,0 GB,109190,0,0
HP,Intel,Core i7,11th,16 GB,512 GB,0 GB,Windows,64-bit,0 GB,99999,0,0
MSI,Intel,Core i7,10th,16 GB,512 GB,0 GB,Windows,64-bit,2 GB,104990,85,9
ASUS,Intel,Core i7,11th,16 GB,512 GB,0 GB,Windows,64-bit,0 GB,109990,0,0
ASUS,Intel,Core i7,8th,16 GB,512 GB,0 GB,Windows,64-bit,0 GB,99990,30,7
Lenovo,Intel,Core i7,8th,16 GB,512 GB,0 GB,Windows,64-bit,2 GB,244801,0,0
ASUS,Intel,Core i7,11th,16 GB,512 GB,0 GB,Windows,64-bit,0 GB,94990,0,0
Lenovo,Intel,Core i7,8th,16 GB,512 GB,0 GB,Windows,64-bit,0 GB,86000,0,0
Lenovo,Intel,Core i7,10th,16 GB,512 GB,0 GB,Windows,32-bit,2 GB,162399,0,0
HP,Intel,Core i7,11th,16 GB,512 GB,0 GB,Windows,32-bit,0 GB,119599,0,0
Lenovo,Intel,Core i7,10th,16 GB,512 GB,0 GB,Windows,64-bit,0 GB,211753,0,0
Lenovo,Intel,Core i7,11th,16 GB,512 GB,0 GB,Windows,32-bit,0 GB,110999,0,0
ASUS,Intel,Core i7,8th,8 GB,512 GB,0 GB,Windows,64-bit,0 GB,81990,40,4
MSI,Intel,Core i7,9th,8 GB,512 GB,0 GB,Windows,64-bit,4 GB,66990,1639,230
MSI,Intel,Core i7,10th,16 GB,1024 GB,0 GB,Windows,64-bit,6 GB,84990,498,64
ASUS,Intel,Core i7,11th,16 GB,1024 GB,0 GB,Windows,64-bit,2 GB,104990,0,0
ASUS,Intel,Core i7,11th,16 GB,1024 GB,0 GB,Windows,64-bit,0 GB,134990,0,0
ASUS,Intel,Core i7,11th,16 GB,1024 GB,0 GB,Windows,64-bit,4 GB,98990,445,56
HP,Intel,Core i7,10th,16 GB,1024 GB,0 GB,Windows,64-bit,6 GB,144690,17,4
ASUS,Intel,Core i7,11th,16 GB,1024 GB,0 GB,Windows,64-bit,0 GB,99990,0,0
MSI,Intel,Core i7,11th,16 GB,1024 GB,0 GB,Windows,64-bit,6 GB,119990,20,3
ASUS,Intel,Core i7,11th,16 GB,1024 GB,0 GB,Windows,32-bit,4 GB,194990,0,0
ASUS,Intel,Core i7,10th,16 GB,1024 GB,0 GB,Windows,64-bit,2 GB,124990,17,1
DELL,Intel,Core i7,11th,16 GB,1024 GB,0 GB,Windows,64-bit,2 GB,122410,0,0
HP,Intel,Core i7,10th,16 GB,1024 GB,0 GB,Windows,64-bit,0 GB,179990,13,5
MSI,Intel,Core i7,11th,16 GB,1024 GB,0 GB,Windows,64-bit,4 GB,154990,3,2
Lenovo,Intel,Core i7,11th,16 GB,1024 GB,0 GB,Windows,64-bit,0 GB,122990,4,2
ASUS,Intel,Core i7,10th,16 GB,1024 GB,0 GB,Windows,64-bit,6 GB,224990,9,0
MSI,Intel,Core i7,12th,16 GB,1024 GB,0 GB,Windows,64-bit,8 GB,279990,0,0
HP,Intel,Core i7,11th,16 GB,1024 GB,0 GB,Windows,64-bit,4 GB,121990,0,0
HP,Intel,Core i7,11th,16 GB,1024 GB,0 GB,Windows,64-bit,4 GB,116990,0,0
Lenovo,Intel,Core i7,11th,16 GB,1024 GB,0 GB,Windows,64-bit,6 GB,151098,7,0
MSI,Intel,Core i7,11th,16 GB,1024 GB,0 GB,Windows,64-bit,8 GB,129990,14,3
HP,Intel,Core i7,11th,16 GB,1024 GB,0 GB,Windows,64-bit,0 GB,149999,0,0
MSI,Intel,Core i7,12th,16 GB,1024 GB,0 GB,Windows,64-bit,6 GB,139990,4,2
acer,Intel,Core i7,11th,16 GB,1024 GB,0 GB,Windows,64-bit,6 GB,129990,54,7
HP,Intel,Core i7,11th,16 GB,1024 GB,0 GB,Windows,64-bit,8 GB,171990,0,0
DELL,Intel,Core i7,11th,16 GB,1024 GB,0 GB,Windows,64-bit,2 GB,93955,4,0
ASUS,Intel,Core i7,10th,16 GB,1024 GB,0 GB,Windows,64-bit,8 GB,234990,0,0
HP,Intel,Core i7,11th,16 GB,1024 GB,0 GB,Windows,64-bit,0 GB,128500,3,1
Lenovo,Intel,Core i7,11th,16 GB,1024 GB,0 GB,Windows,64-bit,0 GB,102990,16,2
ASUS,Intel,Core i7,11th,16 GB,1024 GB,0 GB,Windows,64-bit,0 GB,119990,8,1
ASUS,Intel,Core i7,11th,16 GB,1024 GB,0 GB,Windows,32-bit,6 GB,120980,0,0
ASUS,Intel,Core i7,11th,16 GB,1024 GB,0 GB,Windows,32-bit,6 GB,157249,7,0
Lenovo,Intel,Core i7,9th,16 GB,1024 GB,0 GB,Windows,64-bit,4 GB,229900,0,0
ASUS,Intel,Core i7,11th,16 GB,1024 GB,0 GB,Windows,64-bit,6 GB,131500,0,0
ASUS,Intel,Core i7,10th,16 GB,1024 GB,0 GB,Windows,64-bit,0 GB,154990,3,0
ASUS,Intel,Core i7,10th,16 GB,1024 GB,0 GB,Windows,64-bit,0 GB,165990,0,0
Lenovo,Intel,Core i7,10th,16 GB,1024 GB,0 GB,Windows,64-bit,0 GB,119990,2,1
ASUS,Intel,Core i7,10th,16 GB,1024 GB,0 GB,Windows,64-bit,0 GB,167990,0,0
HP,Intel,Core i7,11th,16 GB,1024 GB,0 GB,Windows,64-bit,0 GB,165000,0,0
Avita,Intel,Core i7,10th,16 GB,1024 GB,0 GB,Windows,64-bit,0 GB,62990,207,49
Lenovo,Intel,Core i7,11th,16 GB,1024 GB,0 GB,Windows,64-bit,0 GB,85990,7,2
HP,Intel,Core i7,11th,16 GB,1024 GB,0 GB,Windows,64-bit,2 GB,94990,0,0
HP,Intel,Core i7,11th,16 GB,1024 GB,0 GB,Windows,64-bit,6 GB,136990,0,0
Lenovo,Intel,Core i7,10th,16 GB,1024 GB,0 GB,Windows,64-bit,8 GB,234990,0,0
acer,Intel,Core i7,10th,16 GB,2048 GB,0 GB,Windows,64-bit,8 GB,159990,4,0
ASUS,Intel,Core i7,10th,16 GB,2048 GB,0 GB,Windows,64-bit,0 GB,233990,0,0
ASUS,Intel,Core i7,10th,16 GB,0 GB,1024 GB,Windows,64-bit,2 GB,93990,0,0
HP,Intel,Core i7,8th,16 GB,128 GB,1024 GB,Windows,64-bit,4 GB,116941,0,0
MSI,Intel,Core i7,10th,8 GB,256 GB,1024 GB,Windows,64-bit,4 GB,63990,794,83
ASUS,Intel,Core i7,10th,16 GB,256 GB,1024 GB,Windows,64-bit,4 GB,66990,25,4
ASUS,Intel,Core i7,11th,16 GB,256 GB,1024 GB,Windows,32-bit,0 GB,82500,0,0
acer,Intel,Core i7,10th,16 GB,256 GB,1024 GB,Windows,64-bit,6 GB,119990,2038,313
MSI,Intel,Core i7,10th,16 GB,256 GB,1024 GB,Windows,64-bit,4 GB,159990,0,0
ASUS,Intel,Core i7,8th,16 GB,256 GB,1024 GB,Windows,64-bit,0 GB,98912,0,0
acer,Intel,Core i7,11th,16 GB,512 GB,1024 GB,Windows,64-bit,4 GB,92990,214,37
acer,Intel,Core i7,11th,16 GB,512 GB,1024 GB,Windows,32-bit,6 GB,119990,342,54
acer,Intel,Core i9,11th,32 GB,1024 GB,0 GB,Windows,64-bit,8 GB,169990,0,0
acer,Intel,Core i9,11th,16 GB,1024 GB,0 GB,Windows,64-bit,6 GB,139990,0,0
MSI,Intel,Core i9,11th,16 GB,1024 GB,0 GB,Windows,64-bit,6 GB,192990,0,0
ASUS,Intel,Core i9,12th,16 GB,1024 GB,0 GB,Windows,64-bit,6 GB,299990,0,0
ASUS,Intel,Core i9,10th,16 GB,1024 GB,0 GB,Windows,64-bit,6 GB,269990,8,1
ASUS,Intel,Core i9,11th,16 GB,1024 GB,0 GB,Windows,64-bit,6 GB,139990,0,0
Lenovo,Intel,Core i9,10th,16 GB,1024 GB,0 GB,Windows,32-bit,8 GB,265998,0,0
ASUS,Intel,Core i9,11th,16 GB,3072 GB,0 GB,Windows,32-bit,6 GB,441990,1,1
MSI,Intel,Core i5,10th,8 GB,0 GB,512 GB,DOS,32-bit,4 GB,86990,218,27
MSI,Intel,Core i5,10th,8 GB,0 GB,512 GB,DOS,32-bit,6 GB,109990,78,16
MSI,Intel,Core i5,10th,8 GB,0 GB,512 GB,DOS,32-bit,4 GB,109590,5,2
ASUS,Intel,Core i7,10th,16 GB,0 GB,512 GB,DOS,32-bit,6 GB,146490,2,1
APPLE,M1,M1,10th,8 GB,256 GB,0 GB,Mac,64-bit,0 GB,85990,6725,629
APPLE,M1,M1,10th,8 GB,256 GB,0 GB,Mac,64-bit,0 GB,112990,640,70
APPLE,M1,M1,10th,16 GB,256 GB,0 GB,Mac,64-bit,0 GB,104990,45,4
APPLE,M1,M1,10th,16 GB,256 GB,0 GB,Mac,64-bit,0 GB,132990,640,70
APPLE,M1,M1,10th,16 GB,512 GB,0 GB,Mac,64-bit,0 GB,149990,640,70
APPLE,M1,M1,10th,8 GB,512 GB,0 GB,Mac,64-bit,0 GB,125990,399,45
APPLE,M1,M1,10th,8 GB,512 GB,0 GB,Mac,64-bit,0 GB,103990,809,91
APPLE,M1,M1,10th,8 GB,512 GB,0 GB,Mac,64-bit,0 GB,101990,809,91
APPLE,M1,M1,10th,8 GB,512 GB,0 GB,Mac,64-bit,0 GB,104990,6725,629
APPLE,M1,M1,10th,8 GB,512 GB,0 GB,Mac,64-bit,0 GB,131990,399,45
APPLE,M1,M1,10th,16 GB,512 GB,0 GB,Mac,64-bit,0 GB,128990,45,4
APPLE,M1,M1,10th,16 GB,512 GB,0 GB,Mac,64-bit,0 GB,184990,42,8
APPLE,M1,M1,10th,16 GB,512 GB,0 GB,Mac,64-bit,0 GB,225990,42,8
APPLE,M1,M1,10th,4 GB,512 GB,0 GB,Mac,64-bit,0 GB,124990,45,4
APPLE,M1,M1,10th,8 GB,1024 GB,0 GB,Mac,64-bit,0 GB,149990,640,70
APPLE,M1,M1,10th,16 GB,1024 GB,0 GB,Mac,64-bit,0 GB,169990,640,70
APPLE,M1,M1,10th,16 GB,1024 GB,0 GB,Mac,64-bit,0 GB,225990,42,8
APPLE,M1,M1,10th,16 GB,1024 GB,0 GB,Mac,64-bit,0 GB,243990,42,8
APPLE,M1,M1,10th,32 GB,1024 GB,0 GB,Mac,64-bit,0 GB,309990,3,1
ASUS,Intel,Pentium Quad,Not Available,4 GB,0 GB,512 GB,Windows,64-bit,0 GB,45990,0,0
ASUS,Intel,Pentium Quad,Not Available,4 GB,128 GB,0 GB,Windows,32-bit,0 GB,58100,0,0
ASUS,Intel,Pentium Quad,Not Available,8 GB,256 GB,0 GB,Windows,64-bit,0 GB,62990,0,0
HP,Intel,Pentium Quad,Not Available,8 GB,256 GB,0 GB,Windows,64-bit,0 GB,32990,77,9
ASUS,Intel,Pentium Quad,Not Available,4 GB,256 GB,0 GB,Windows,64-bit,0 GB,33990,6,0
acer,Intel,Pentium Quad,Not Available,4 GB,256 GB,0 GB,Windows,64-bit,0 GB,30990,465,89
DELL,Intel,Pentium Quad,Not Available,4 GB,256 GB,0 GB,Windows,64-bit,0 GB,36000,102,16
ASUS,Intel,Pentium Quad,Not Available,4 GB,256 GB,0 GB,Windows,64-bit,0 GB,32990,7,1
DELL,Intel,Pentium Quad,Not Available,4 GB,256 GB,0 GB,Windows,64-bit,0 GB,35990,0,0
ASUS,Intel,Pentium Quad,Not Available,4 GB,0 GB,1024 GB,Windows,64-bit,0 GB,27990,0,0
ASUS,Intel,Pentium Quad,Not Available,4 GB,0 GB,1024 GB,Windows,64-bit,0 GB,25990,4741,658
ASUS,Intel,Pentium Quad,Not Available,4 GB,0 GB,1024 GB,Windows,64-bit,0 GB,25990,2736,350
ASUS,Intel,Pentium Quad,Not Available,4 GB,0 GB,1024 GB,Windows,64-bit,0 GB,30780,0,0
HP,AMD,Ryzen 3,Not Available,8 GB,256 GB,0 GB,Windows,64-bit,0 GB,37990,2214,241
ASUS,AMD,Ryzen 3,Not Available,8 GB,256 GB,0 GB,Windows,64-bit,0 GB,35990,2886,375
DELL,AMD,Ryzen 3,Not Available,8 GB,256 GB,0 GB,Windows,64-bit,0 GB,39490,34,4
DELL,AMD,Ryzen 3,Not Available,8 GB,256 GB,0 GB,Windows,64-bit,0 GB,36990,137,15
DELL,AMD,Ryzen 3,Not Available,8 GB,256 GB,0 GB,Windows,64-bit,0 GB,39990,7,0
ASUS,AMD,Ryzen 3,Not Available,4 GB,256 GB,0 GB,Windows,64-bit,0 GB,33690,170,26
DELL,AMD,Ryzen 3,Not Available,8 GB,256 GB,0 GB,Windows,64-bit,0 GB,40590,0,0
ASUS,AMD,Ryzen 3,Not Available,4 GB,256 GB,0 GB,Windows,64-bit,0 GB,37990,39,3
ASUS,AMD,Ryzen 3,Not Available,4 GB,256 GB,0 GB,Windows,64-bit,0 GB,34500,2886,375
acer,AMD,Ryzen 3,Not Available,8 GB,512 GB,0 GB,Windows,64-bit,0 GB,36990,11,2
HP,AMD,Ryzen 3,Not Available,8 GB,512 GB,0 GB,Windows,64-bit,0 GB,43490,163,33
HP,AMD,Ryzen 3,Not Available,8 GB,512 GB,0 GB,Windows,64-bit,0 GB,41490,153,21
acer,AMD,Ryzen 3,Not Available,4 GB,512 GB,0 GB,Windows,64-bit,0 GB,34990,0,0
HP,AMD,Ryzen 3,Not Available,4 GB,512 GB,0 GB,Windows,64-bit,0 GB,44490,267,42
DELL,AMD,Ryzen 3,Not Available,4 GB,512 GB,0 GB,Windows,64-bit,0 GB,40590,0,0
DELL,AMD,Ryzen 3,Not Available,8 GB,512 GB,0 GB,Windows,64-bit,0 GB,42090,3,0
DELL,AMD,Ryzen 3,Not Available,8 GB,0 GB,1024 GB,Windows,64-bit,0 GB,35990,59,12
HP,AMD,Ryzen 3,Not Available,8 GB,0 GB,1024 GB,Windows,64-bit,0 GB,39490,7291,895
DELL,AMD,Ryzen 3,Not Available,8 GB,0 GB,1024 GB,Windows,64-bit,0 GB,37390,38,5
DELL,AMD,Ryzen 3,Not Available,4 GB,0 GB,1024 GB,Windows,64-bit,0 GB,52632,0,0
DELL,AMD,Ryzen 3,Not Available,4 GB,0 GB,1024 GB,Windows,64-bit,0 GB,39990,409,39
DELL,AMD,Ryzen 3,Not Available,4 GB,0 GB,1024 GB,Windows,64-bit,0 GB,43990,0,0
HP,AMD,Ryzen 3,Not Available,4 GB,0 GB,1024 GB,Windows,64-bit,0 GB,32917,353,58
Lenovo,AMD,Ryzen 3,Not Available,4 GB,0 GB,1024 GB,Windows,64-bit,0 GB,34990,38,6
DELL,AMD,Ryzen 3,Not Available,8 GB,0 GB,1024 GB,Windows,64-bit,0 GB,39990,18,4
HP,AMD,Ryzen 3,Not Available,8 GB,256 GB,1024 GB,Windows,64-bit,0 GB,41999,3524,432
DELL,AMD,Ryzen 5,Not Available,8 GB,256 GB,0 GB,Windows,64-bit,0 GB,41990,939,107
DELL,AMD,Ryzen 5,Not Available,8 GB,256 GB,0 GB,Windows,64-bit,0 GB,44490,14,1
DELL,AMD,Ryzen 5,Not Available,8 GB,256 GB,0 GB,Windows,64-bit,0 GB,41990,649,84
DELL,AMD,Ryzen 5,Not Available,8 GB,256 GB,0 GB,Windows,64-bit,0 GB,44490,8,2
MSI,AMD,Ryzen 5,Not Available,4 GB,256 GB,0 GB,Windows,64-bit,0 GB,49990,0,0
DELL,AMD,Ryzen 5,Not Available,4 GB,256 GB,0 GB,Windows,64-bit,0 GB,44390,276,24
HP,AMD,Ryzen 5,Not Available,8 GB,512 GB,0 GB,Windows,64-bit,4 GB,57990,4740,532
Lenovo,AMD,Ryzen 5,Not Available,8 GB,512 GB,0 GB,Windows,64-bit,4 GB,56990,162,15
Lenovo,AMD,Ryzen 5,Not Available,8 GB,512 GB,0 GB,Windows,64-bit,0 GB,48990,219,27
HP,AMD,Ryzen 5,Not Available,8 GB,512 GB,0 GB,Windows,64-bit,0 GB,49970,193,28
MSI,AMD,Ryzen 5,Not Available,8 GB,512 GB,0 GB,Windows,64-bit,0 GB,47990,562,89
HP,AMD,Ryzen 5,Not Available,8 GB,512 GB,0 GB,Windows,64-bit,0 GB,48990,45,5
acer,AMD,Ryzen 5,Not Available,8 GB,512 GB,0 GB,Windows,64-bit,0 GB,53990,7,0
Lenovo,AMD,Ryzen 5,Not Available,8 GB,512 GB,0 GB,Windows,64-bit,0 GB,52990,39,5
acer,AMD,Ryzen 5,Not Available,8 GB,512 GB,0 GB,Windows,64-bit,0 GB,43990,0,0
Lenovo,AMD,Ryzen 5,Not Available,8 GB,512 GB,0 GB,Windows,64-bit,4 GB,59490,92,10
MSI,AMD,Ryzen 5,Not Available,8 GB,512 GB,0 GB,Windows,64-bit,4 GB,64990,469,80
DELL,AMD,Ryzen 5,Not Available,8 GB,512 GB,0 GB,Windows,64-bit,0 GB,47490,2,1
HP,AMD,Ryzen 5,Not Available,8 GB,512 GB,0 GB,Windows,64-bit,4 GB,59990,1978,188
Lenovo,AMD,Ryzen 5,Not Available,8 GB,512 GB,0 GB,Windows,64-bit,4 GB,69990,9,0
HP,AMD,Ryzen 5,Not Available,8 GB,512 GB,0 GB,Windows,64-bit,4 GB,58990,1049,134
DELL,AMD,Ryzen 5,Not Available,8 GB,512 GB,0 GB,Windows,64-bit,0 GB,59490,74,18
HP,AMD,Ryzen 5,Not Available,16 GB,512 GB,0 GB,Windows,64-bit,0 GB,67500,196,19
HP,AMD,Ryzen 5,Not Available,8 GB,512 GB,0 GB,Windows,32-bit,0 GB,48990,17,1
ASUS,AMD,Ryzen 5,Not Available,8 GB,512 GB,0 GB,Windows,64-bit,0 GB,62450,172,36
ASUS,AMD,Ryzen 5,Not Available,8 GB,512 GB,0 GB,Windows,64-bit,0 GB,58990,324,34
HP,AMD,Ryzen 5,Not Available,8 GB,512 GB,0 GB,Windows,64-bit,0 GB,57999,86,15
ASUS,AMD,Ryzen 5,Not Available,16 GB,512 GB,0 GB,Windows,64-bit,0 GB,56990,4,1
HP,AMD,Ryzen 5,Not Available,8 GB,512 GB,0 GB,Windows,64-bit,4 GB,72990,16,4
HP,AMD,Ryzen 5,Not Available,16 GB,512 GB,0 GB,Windows,64-bit,0 GB,65990,104,18
HP,AMD,Ryzen 5,Not Available,16 GB,512 GB,0 GB,Windows,64-bit,0 GB,98020,0,0
HP,AMD,Ryzen 5,Not Available,16 GB,512 GB,0 GB,Windows,64-bit,2 GB,63990,90,13
ASUS,AMD,Ryzen 5,Not Available,8 GB,512 GB,0 GB,Windows,32-bit,0 GB,49890,6,1
DELL,AMD,Ryzen 5,Not Available,8 GB,512 GB,0 GB,Windows,64-bit,0 GB,49990,47,7
DELL,AMD,Ryzen 5,Not Available,8 GB,512 GB,0 GB,Windows,64-bit,0 GB,59490,0,0
HP,AMD,Ryzen 5,Not Available,8 GB,512 GB,0 GB,Windows,64-bit,0 GB,73999,206,27
DELL,AMD,Ryzen 5,Not Available,4 GB,512 GB,0 GB,Windows,64-bit,0 GB,60990,183,42
DELL,AMD,Ryzen 5,Not Available,4 GB,512 GB,0 GB,Windows,64-bit,6 GB,76190,358,64
Lenovo,AMD,Ryzen 5,Not Available,4 GB,512 GB,0 GB,Windows,64-bit,0 GB,74798,0,0
ASUS,AMD,Ryzen 5,Not Available,4 GB,512 GB,0 GB,Windows,64-bit,0 GB,58990,88,13
HP,AMD,Ryzen 5,Not Available,4 GB,512 GB,0 GB,Windows,32-bit,4 GB,68100,0,0
Lenovo,AMD,Ryzen 5,Not Available,4 GB,512 GB,0 GB,Windows,64-bit,0 GB,77990,0,0
HP,AMD,Ryzen 5,Not Available,4 GB,512 GB,0 GB,Windows,64-bit,0 GB,55090,364,52
ASUS,AMD,Ryzen 5,Not Available,4 GB,512 GB,0 GB,Windows,64-bit,0 GB,91990,0,0
HP,AMD,Ryzen 5,Not Available,4 GB,512 GB,0 GB,Windows,64-bit,0 GB,84208,0,0
acer,AMD,Ryzen 5,Not Available,4 GB,512 GB,0 GB,Windows,64-bit,0 GB,44990,313,39
HP,AMD,Ryzen 5,Not Available,4 GB,512 GB,0 GB,Windows,64-bit,0 GB,53490,826,118
Lenovo,AMD,Ryzen 5,Not Available,4 GB,512 GB,0 GB,Windows,64-bit,4 GB,76498,0,0
DELL,AMD,Ryzen 5,Not Available,4 GB,512 GB,0 GB,Windows,64-bit,4 GB,98920,0,0
MSI,AMD,Ryzen 5,Not Available,4 GB,512 GB,0 GB,Windows,64-bit,0 GB,54990,1410,203
acer,AMD,Ryzen 5,Not Available,4 GB,512 GB,0 GB,Windows,64-bit,0 GB,49990,47,6
HP,AMD,Ryzen 5,Not Available,4 GB,512 GB,0 GB,Windows,32-bit,0 GB,52380,0,0
acer,AMD,Ryzen 5,Not Available,4 GB,512 GB,0 GB,Windows,64-bit,0 GB,49990,6,1
HP,AMD,Ryzen 5,Not Available,4 GB,512 GB,0 GB,Windows,64-bit,0 GB,52500,741,67
ASUS,AMD,Ryzen 5,Not Available,4 GB,512 GB,0 GB,Windows,64-bit,0 GB,49990,14,2
acer,AMD,Ryzen 5,Not Available,4 GB,512 GB,0 GB,Windows,64-bit,0 GB,75999,0,0
ASUS,AMD,Ryzen 5,Not Available,4 GB,512 GB,0 GB,Windows,64-bit,0 GB,80990,0,0
Lenovo,AMD,Ryzen 5,Not Available,4 GB,512 GB,0 GB,Windows,32-bit,0 GB,59900,3,0
HP,AMD,Ryzen 5,Not Available,4 GB,512 GB,0 GB,Windows,64-bit,0 GB,54590,349,69
DELL,AMD,Ryzen 5,Not Available,4 GB,512 GB,0 GB,Windows,64-bit,0 GB,75500,0,0
HP,AMD,Ryzen 5,Not Available,8 GB,512 GB,0 GB,Windows,64-bit,0 GB,51890,519,48
ASUS,AMD,Ryzen 5,Not Available,16 GB,512 GB,0 GB,Windows,64-bit,0 GB,78000,3,0
HP,AMD,Ryzen 5,Not Available,16 GB,512 GB,0 GB,Windows,64-bit,0 GB,59999,19,1
HP,AMD,Ryzen 5,Not Available,8 GB,512 GB,0 GB,Windows,64-bit,4 GB,64990,8,1
DELL,AMD,Ryzen 5,Not Available,4 GB,1024 GB,0 GB,Windows,32-bit,0 GB,57900,3,1
Lenovo,AMD,Ryzen 5,Not Available,4 GB,1024 GB,0 GB,Windows,64-bit,0 GB,81978,0,0
HP,AMD,Ryzen 5,Not Available,4 GB,0 GB,1024 GB,Windows,64-bit,4 GB,59990,1480,151
DELL,AMD,Ryzen 5,Not Available,8 GB,256 GB,1024 GB,Windows,64-bit,0 GB,49490,31,3
ASUS,AMD,Ryzen 5,Not Available,8 GB,256 GB,1024 GB,Windows,64-bit,0 GB,54990,18,3
Lenovo,AMD,Ryzen 5,Not Available,8 GB,256 GB,1024 GB,Windows,64-bit,4 GB,68500,271,24
ASUS,AMD,Ryzen 5,Not Available,8 GB,256 GB,1024 GB,Windows,64-bit,0 GB,54990,49,6
ASUS,AMD,Ryzen 5,Not Available,8 GB,256 GB,1024 GB,Windows,32-bit,0 GB,54990,474,65
Lenovo,AMD,Ryzen 5,Not Available,8 GB,256 GB,1024 GB,Windows,64-bit,0 GB,63990,861,116
HP,AMD,Ryzen 5,Not Available,4 GB,256 GB,1024 GB,Windows,64-bit,4 GB,80000,34,6
DELL,AMD,Ryzen 5,Not Available,4 GB,256 GB,1024 GB,Windows,32-bit,0 GB,51990,0,0
ASUS,AMD,Ryzen 5,Not Available,4 GB,256 GB,1024 GB,Windows,64-bit,0 GB,62990,165,34
HP,AMD,Ryzen 5,Not Available,4 GB,256 GB,1024 GB,Windows,64-bit,0 GB,52990,698,74
ASUS,AMD,Ryzen 5,Not Available,4 GB,256 GB,1024 GB,Windows,64-bit,0 GB,75100,0,0
ASUS,AMD,Ryzen 7,Not Available,16 GB,512 GB,0 GB,Windows,32-bit,4 GB,76990,22,3
ASUS,AMD,Ryzen 7,Not Available,16 GB,512 GB,0 GB,Windows,64-bit,4 GB,79990,0,0
ASUS,AMD,Ryzen 7,Not Available,8 GB,512 GB,0 GB,Windows,64-bit,4 GB,71990,144,16
ASUS,AMD,Ryzen 7,Not Available,8 GB,512 GB,0 GB,Windows,64-bit,4 GB,71990,1810,235
Lenovo,AMD,Ryzen 7,Not Available,16 GB,512 GB,0 GB,Windows,64-bit,4 GB,99990,26,1
ASUS,AMD,Ryzen 7,Not Available,16 GB,512 GB,0 GB,Windows,64-bit,0 GB,79990,0,0
DELL,AMD,Ryzen 7,Not Available,16 GB,512 GB,0 GB,Windows,64-bit,4 GB,93990,0,0
ASUS,AMD,Ryzen 7,Not Available,16 GB,512 GB,0 GB,Windows,64-bit,4 GB,82990,1067,145
ASUS,AMD,Ryzen 7,Not Available,4 GB,512 GB,0 GB,Windows,64-bit,4 GB,106990,0,0
ASUS,AMD,Ryzen 7,Not Available,4 GB,512 GB,0 GB,Windows,64-bit,0 GB,92990,25,4
Lenovo,Intel,Ryzen 7,Not Available,4 GB,512 GB,0 GB,Windows,32-bit,4 GB,81490,0,0
ASUS,AMD,Ryzen 7,Not Available,4 GB,512 GB,0 GB,Windows,64-bit,0 GB,56990,0,0
MSI,AMD,Ryzen 7,Not Available,4 GB,512 GB,0 GB,Windows,64-bit,0 GB,64990,0,0
Lenovo,AMD,Ryzen 7,Not Available,4 GB,512 GB,0 GB,Windows,64-bit,0 GB,60990,530,69
Lenovo,AMD,Ryzen 7,Not Available,4 GB,512 GB,0 GB,Windows,64-bit,4 GB,84988,0,0
HP,AMD,Ryzen 7,Not Available,4 GB,512 GB,0 GB,Windows,64-bit,4 GB,90990,273,40
ASUS,AMD,Ryzen 7,Not Available,4 GB,512 GB,0 GB,Windows,64-bit,0 GB,63990,77,7
Lenovo,AMD,Ryzen 7,Not Available,4 GB,512 GB,0 GB,Windows,64-bit,0 GB,63990,105,10
HP,AMD,Ryzen 7,Not Available,4 GB,512 GB,0 GB,Windows,64-bit,0 GB,57999,44,5
ASUS,AMD,Ryzen 7,Not Available,4 GB,512 GB,0 GB,Windows,32-bit,4 GB,72400,0,0
Lenovo,AMD,Ryzen 7,Not Available,4 GB,512 GB,0 GB,Windows,64-bit,0 GB,78990,6,0
acer,AMD,Ryzen 7,Not Available,4 GB,512 GB,0 GB,Windows,64-bit,0 GB,59990,0,0
ASUS,AMD,Ryzen 7,Not Available,4 GB,512 GB,0 GB,Windows,32-bit,4 GB,111990,0,0
HP,AMD,Ryzen 7,Not Available,4 GB,512 GB,0 GB,Windows,32-bit,0 GB,109000,0,0
DELL,AMD,Ryzen 7,Not Available,4 GB,512 GB,0 GB,Windows,64-bit,6 GB,89990,191,27
Lenovo,AMD,Ryzen 7,Not Available,4 GB,512 GB,0 GB,Windows,64-bit,0 GB,78988,0,0
Lenovo,AMD,Ryzen 7,Not Available,4 GB,512 GB,0 GB,Windows,64-bit,4 GB,73138,4,1
Lenovo,AMD,Ryzen 7,Not Available,4 GB,512 GB,0 GB,Windows,64-bit,4 GB,106990,0,0
ASUS,AMD,Ryzen 7,Not Available,4 GB,512 GB,0 GB,Windows,32-bit,4 GB,79990,0,0
DELL,AMD,Ryzen 7,Not Available,4 GB,512 GB,0 GB,Windows,64-bit,0 GB,89570,0,0
HP,AMD,Ryzen 7,Not Available,4 GB,512 GB,0 GB,Windows,64-bit,0 GB,68500,134,22
Lenovo,AMD,Ryzen 7,Not Available,16 GB,512 GB,0 GB,Windows,64-bit,0 GB,73400,0,0
HP,AMD,Ryzen 7,Not Available,16 GB,512 GB,0 GB,Windows,64-bit,2 GB,79990,23,6
HP,AMD,Ryzen 7,Not Available,16 GB,512 GB,0 GB,Windows,64-bit,4 GB,84990,4,2
MSI,AMD,Ryzen 7,Not Available,16 GB,1024 GB,0 GB,Windows,64-bit,8 GB,99990,108,24
ASUS,AMD,Ryzen 7,Not Available,8 GB,1024 GB,0 GB,Windows,64-bit,4 GB,72990,198,24
HP,AMD,Ryzen 7,Not Available,16 GB,1024 GB,0 GB,Windows,64-bit,0 GB,92990,0,0
HP,AMD,Ryzen 7,Not Available,16 GB,1024 GB,0 GB,Windows,64-bit,0 GB,84190,0,0
ASUS,AMD,Ryzen 7,Not Available,16 GB,1024 GB,0 GB,Windows,64-bit,0 GB,112990,0,0
ASUS,AMD,Ryzen 7,Not Available,4 GB,1024 GB,0 GB,Windows,32-bit,4 GB,114990,0,0
acer,AMD,Ryzen 7,Not Available,4 GB,1024 GB,0 GB,Windows,64-bit,4 GB,99990,0,0
ASUS,AMD,Ryzen 7,Not Available,4 GB,1024 GB,0 GB,Windows,32-bit,4 GB,95990,57,3
HP,AMD,Ryzen 7,Not Available,4 GB,1024 GB,0 GB,Windows,64-bit,8 GB,159990,17,2
ASUS,AMD,Ryzen 7,Not Available,4 GB,1024 GB,0 GB,Windows,64-bit,0 GB,76990,0,0
Lenovo,AMD,Ryzen 7,Not Available,4 GB,1024 GB,0 GB,Windows,64-bit,6 GB,130990,0,0
ASUS,AMD,Ryzen 7,Not Available,4 GB,1024 GB,0 GB,Windows,64-bit,0 GB,99990,0,0
ASUS,AMD,Ryzen 7,Not Available,4 GB,1024 GB,0 GB,Windows,64-bit,4 GB,112990,0,0
Lenovo,AMD,Ryzen 7,Not Available,4 GB,1024 GB,0 GB,Windows,64-bit,0 GB,77988,0,0
ASUS,AMD,Ryzen 7,Not Available,4 GB,1024 GB,0 GB,Windows,64-bit,0 GB,76000,1,1
ASUS,AMD,Ryzen 7,Not Available,4 GB,1024 GB,0 GB,Windows,64-bit,4 GB,99990,77,15
ASUS,AMD,Ryzen 7,Not Available,4 GB,1024 GB,0 GB,Windows,64-bit,0 GB,111000,0,0
ASUS,AMD,Ryzen 7,Not Available,16 GB,1024 GB,0 GB,Windows,64-bit,0 GB,84970,2,1
HP,AMD,Ryzen 7,Not Available,16 GB,256 GB,1024 GB,Windows,64-bit,4 GB,75990,1084,123
acer,AMD,Ryzen 7,Not Available,16 GB,256 GB,1024 GB,Windows,64-bit,6 GB,89990,272,36
acer,AMD,Ryzen 7,Not Available,16 GB,256 GB,1024 GB,Windows,64-bit,4 GB,81990,141,24
Lenovo,AMD,Ryzen 7,Not Available,4 GB,512 GB,1024 GB,Windows,32-bit,0 GB,80490,0,0
ASUS,AMD,Ryzen 9,Not Available,16 GB,1024 GB,0 GB,Windows,64-bit,6 GB,135990,0,0
ASUS,AMD,Ryzen 9,Not Available,16 GB,1024 GB,0 GB,Windows,32-bit,0 GB,154990,194,42
ASUS,AMD,Ryzen 9,Not Available,16 GB,1024 GB,0 GB,Windows,64-bit,8 GB,199990,9,2
ASUS,AMD,Ryzen 9,Not Available,16 GB,1024 GB,0 GB,Windows,64-bit,4 GB,114990,28,4
ASUS,AMD,Ryzen 9,Not Available,16 GB,1024 GB,0 GB,Windows,64-bit,6 GB,129990,204,35
ASUS,AMD,Ryzen 9,Not Available,16 GB,1024 GB,0 GB,Windows,64-bit,4 GB,114990,32,6
MSI,AMD,Ryzen 9,Not Available,4 GB,1024 GB,0 GB,Windows,64-bit,0 GB,146990,0,0
ASUS,AMD,Ryzen 9,Not Available,4 GB,1024 GB,0 GB,Windows,64-bit,0 GB,104990,14,2
ASUS,AMD,Ryzen 9,Not Available,4 GB,1024 GB,0 GB,Windows,64-bit,4 GB,114990,14,1
ASUS,AMD,Ryzen 9,Not Available,4 GB,1024 GB,0 GB,Windows,64-bit,4 GB,124990,3,0
ASUS,AMD,Ryzen 9,Not Available,4 GB,1024 GB,0 GB,Windows,64-bit,0 GB,134990,0,0
HP,AMD,Ryzen 9,Not Available,4 GB,1024 GB,0 GB,Windows,64-bit,8 GB,141990,0,0
ASUS,AMD,Ryzen 9,Not Available,4 GB,1024 GB,0 GB,Windows,64-bit,0 GB,129990,0,0
ASUS,AMD,Ryzen 9,Not Available,4 GB,1024 GB,0 GB,Windows,64-bit,4 GB,142990,4,1
ASUS,AMD,Ryzen 9,Not Available,4 GB,1024 GB,0 GB,Windows,64-bit,0 GB,121990,0,0
ASUS,AMD,Ryzen 9,Not Available,4 GB,1024 GB,0 GB,Windows,64-bit,4 GB,124990,44,12
ASUS,AMD,Ryzen 9,Not Available,4 GB,1024 GB,0 GB,Windows,64-bit,6 GB,141990,61,13
ASUS,AMD,Ryzen 9,Not Available,4 GB,1024 GB,0 GB,Windows,64-bit,4 GB,162990,0,0
ASUS,AMD,Ryzen 9,Not Available,4 GB,1024 GB,0 GB,Windows,64-bit,0 GB,130500,0,0
ASUS,AMD,Ryzen 9,Not Available,4 GB,1024 GB,0 GB,Windows,64-bit,4 GB,116990,0,0
ASUS,AMD,Ryzen 9,Not Available,4 GB,1024 GB,0 GB,Windows,32-bit,6 GB,138990,0,0
ASUS,AMD,Ryzen 9,Not Available,4 GB,1024 GB,0 GB,Windows,64-bit,4 GB,234990,0,0
ASUS,AMD,Ryzen 9,Not Available,4 GB,1024 GB,0 GB,Windows,64-bit,0 GB,135990,0,0
ASUS,AMD,Ryzen 9,Not Available,4 GB,1024 GB,0 GB,Windows,64-bit,0 GB,144990,0,0
ASUS,AMD,Ryzen 9,Not Available,4 GB,1024 GB,0 GB,Windows,64-bit,4 GB,149990,0,0
ASUS,AMD,Ryzen 9,Not Available,4 GB,1024 GB,0 GB,Windows,64-bit,4 GB,142990,0,0
Lenovo,AMD,Ryzen 5,10th,8 GB,512 GB,0 GB,DOS,64-bit,0 GB,57490,18,4
